[
{"_id":"1","postCode":"9913","name":"Abfaltersbach"},
{"_id":"2","postCode":"6067","name":"Absam"},
{"_id":"3","postCode":"3462","name":"Absdorf"},
{"_id":"4","postCode":"5441","name":"Abtenau"},
{"_id":"5","postCode":"2481","name":"Achau"},
{"_id":"6","postCode":"6215","name":"Achenkirch"},
{"_id":"7","postCode":"2232","name":"Aderklaa"},
{"_id":"8","postCode":"4541","name":"Adlwang"},
{"_id":"9","postCode":"8911","name":"Admont"},
{"_id":"10","postCode":"5421","name":"Adnet"},
{"_id":"11","postCode":"9542","name":"Afritz am See"},
{"_id":"12","postCode":"3641","name":"Aggsbach"},
{"_id":"13","postCode":"4184","name":"Ahorn"},
{"_id":"14","postCode":"8966","name":"Aich"},
{"_id":"15","postCode":"4671","name":"Aichkirchen"},
{"_id":"16","postCode":"8943","name":"Aigen im Ennstal"},
{"_id":"17","postCode":"9951","name":"Ainet"},
{"_id":"18","postCode":"4676","name":"Aistersheim"},
{"_id":"19","postCode":"2054","name":"Alberndorf im Pulkautal"},
{"_id":"20","postCode":"4211","name":"Alberndorf in der Riedmark"},
{"_id":"21","postCode":"6861","name":"Alberschwende"},
{"_id":"22","postCode":"6071","name":"Aldrans"},
{"_id":"23","postCode":"4072","name":"Alkoven"},
{"_id":"24","postCode":"2534","name":"Alland"},
{"_id":"25","postCode":"3804","name":"Allentsteig"},
{"_id":"26","postCode":"8412","name":"Allerheiligen bei Wildon"},
{"_id":"27","postCode":"4511","name":"Allhaming"},
{"_id":"28","postCode":"3365","name":"Allhartsberg"},
{"_id":"29","postCode":"6236","name":"Alpbach"},
{"_id":"30","postCode":"6844","name":"Altach"},
{"_id":"31","postCode":"8992","name":"Altaussee"},
{"_id":"32","postCode":"4203","name":"Altenberg bei Linz"},
{"_id":"33","postCode":"3591","name":"Altenburg"},
{"_id":"34","postCode":"2632","name":"Altendorf"},
{"_id":"35","postCode":"4121","name":"Altenfelden"},
{"_id":"36","postCode":"2571","name":"Altenmarkt an der Triesting"},
{"_id":"37","postCode":"8934","name":"Altenmarkt bei Sankt Gallen"},
{"_id":"38","postCode":"5541","name":"Altenmarkt im Pongau"},
{"_id":"39","postCode":"4950","name":"Altheim"},
{"_id":"40","postCode":"9330","name":"Althofen"},
{"_id":"41","postCode":"3033","name":"Altlengbach"},
{"_id":"42","postCode":"2144","name":"Altlichtenwarth"},
{"_id":"43","postCode":"3925","name":"Altmelon"},
{"_id":"44","postCode":"4721","name":"Altschwendt"},
{"_id":"45","postCode":"9908","name":"Amlach"},
{"_id":"46","postCode":"4843","name":"Ampflwang im Hausruckwald"},
{"_id":"47","postCode":"3300","name":"Amstetten"},
{"_id":"48","postCode":"7163","name":"Andau"},
{"_id":"49","postCode":"6866","name":"Andelsbuch"},
{"_id":"50","postCode":"2301","name":"Andlersdorf"},
{"_id":"51","postCode":"4770","name":"Andorf"},
{"_id":"52","postCode":"4754","name":"Andrichsfurt"},
{"_id":"53","postCode":"6321","name":"Angath"},
{"_id":"54","postCode":"8184","name":"Anger"},
{"_id":"55","postCode":"6320","name":"Angerberg"},
{"_id":"56","postCode":"2261","name":"Angern an der March"},
{"_id":"57","postCode":"5081","name":"Anif"},
{"_id":"58","postCode":"3222","name":"Annaberg"},
{"_id":"59","postCode":"9912","name":"Anras"},
{"_id":"60","postCode":"4053","name":"Ansfelden"},
{"_id":"61","postCode":"7042","name":"Antau"},
{"_id":"62","postCode":"5102","name":"Anthering"},
{"_id":"63","postCode":"4980","name":"Antiesenhofen"},
{"_id":"64","postCode":"7143","name":"Apetlon"},
{"_id":"65","postCode":"3925","name":"Arbesbach"},
{"_id":"66","postCode":"4341","name":"Arbing"},
{"_id":"67","postCode":"8904","name":"Ardning"},
{"_id":"68","postCode":"8454","name":"Arnfels"},
{"_id":"69","postCode":"9601","name":"Arnoldstein"},
{"_id":"70","postCode":"4122","name":"Arnreit"},
{"_id":"71","postCode":"9543","name":"Arriach"},
{"_id":"72","postCode":"6471","name":"Arzl im Pitztal"},
{"_id":"73","postCode":"4082","name":"Aschach an der Donau"},
{"_id":"74","postCode":"4421","name":"Aschach an der Steyr"},
{"_id":"75","postCode":"6274","name":"Aschau im Zillertal"},
{"_id":"76","postCode":"3361","name":"Aschbach-Markt"},
{"_id":"77","postCode":"5252","name":"Aspach"},
{"_id":"78","postCode":"2870","name":"Aspangberg-St. Peter"},
{"_id":"79","postCode":"2151","name":"Asparn an der Zaya"},
{"_id":"80","postCode":"3041","name":"Asperhofen"},
{"_id":"81","postCode":"9911","name":"Assling"},
{"_id":"82","postCode":"4481","name":"Asten"},
{"_id":"83","postCode":"4800","name":"Attnang-Puchheim"},
{"_id":"84","postCode":"4904","name":"Atzbach"},
{"_id":"85","postCode":"3452","name":"Atzenbrugg"},
{"_id":"86","postCode":"4152","name":"Atzesberg"},
{"_id":"87","postCode":"2451","name":"Au am Leithaberge"},
{"_id":"88","postCode":"4171","name":"Auberg"},
{"_id":"89","postCode":"5224","name":"Auerbach"},
{"_id":"90","postCode":"2214","name":"Auersthal"},
{"_id":"91","postCode":"4861","name":"Aurach am Hongar"},
{"_id":"92","postCode":"6094","name":"Axams"},
{"_id":"93","postCode":"6653","name":"Bach"},
{"_id":"94","postCode":"4672","name":"Bachmanning"},
{"_id":"95","postCode":"8990","name":"Bad Aussee"},
{"_id":"96","postCode":"9530","name":"Bleiberg ob Villach"},
{"_id":"97","postCode":"8283","name":"Bad Blumau"},
{"_id":"98","postCode":"2405","name":"Bad Deutsch-Altenburg"},
{"_id":"99","postCode":"2822","name":"Bad Erlach"},
{"_id":"100","postCode":"5640","name":"Bad Gastein"},
{"_id":"101","postCode":"8344","name":"Bad Gleichenberg"},
{"_id":"102","postCode":"4540","name":"Bad Hall"},
{"_id":"103","postCode":"5630","name":"Bad Hofgastein"},
{"_id":"104","postCode":"4820","name":"Bad Ischl"},
{"_id":"105","postCode":"9546","name":"Bad Kleinkirchheim"},
{"_id":"106","postCode":"4362","name":"Bad Kreuzen"},
{"_id":"107","postCode":"4190","name":"Bad Leonfelden"},
{"_id":"108","postCode":"8983","name":"Bad Mitterndorf"},
{"_id":"109","postCode":"2222","name":"Bad Pirawarth"},
{"_id":"110","postCode":"8490","name":"Bad Radkersburg"},
{"_id":"111","postCode":"7202","name":"Bad Sauerbrunn"},
{"_id":"112","postCode":"4701","name":"Bad Schallerbach"},
{"_id":"113","postCode":"9462","name":"Bad Sankt Leonhard im Lavanttal"},
{"_id":"114","postCode":"7431","name":"Bad Tatzmannsdorf"},
{"_id":"115","postCode":"3632","name":"Bad Traunstein"},
{"_id":"116","postCode":"5424","name":"Bad Vigaun"},
{"_id":"117","postCode":"8271","name":"Bad Waltersdorf"},
{"_id":"118","postCode":"4654","name":"Bad Wimsbach-Neydharting"},
{"_id":"119","postCode":"4283","name":"Bad Zell"},
{"_id":"120","postCode":"2500","name":"Baden"},
{"_id":"121","postCode":"7512","name":"Badersdorf"},
{"_id":"122","postCode":"9805","name":"Baldramsdorf"},
{"_id":"123","postCode":"7021","name":"Baumgarten"},
{"_id":"124","postCode":"4342","name":"Baumgartenberg"},
{"_id":"125","postCode":"6121","name":"Baumkirchen"},
{"_id":"126","postCode":"4441","name":"Behamberg"},
{"_id":"127","postCode":"2413","name":"Berg"},
{"_id":"128","postCode":"4880","name":"Berg im Attergau"},
{"_id":"129","postCode":"9771","name":"Berg im Drautal"},
{"_id":"130","postCode":"5101","name":"Bergheim"},
{"_id":"131","postCode":"3254","name":"Bergland"},
{"_id":"132","postCode":"2560","name":"Berndorf"},
{"_id":"133","postCode":"5165","name":"Berndorf bei Salzburg"},
{"_id":"134","postCode":"2275","name":"Bernhardsthal"},
{"_id":"135","postCode":"7434","name":"Bernstein"},
{"_id":"136","postCode":"6622","name":"Berwang"},
{"_id":"137","postCode":"6870","name":"Bezau"},
{"_id":"138","postCode":"3353","name":"Biberbach"},
{"_id":"139","postCode":"6633","name":"Biberwier"},
{"_id":"140","postCode":"6621","name":"Bichlbach"},
{"_id":"141","postCode":"2362","name":"Biedermannsdorf"},
{"_id":"142","postCode":"6858","name":"Bildstein"},
{"_id":"143","postCode":"6092","name":"Birgitz"},
{"_id":"144","postCode":"8190","name":"Birkfeld"},
{"_id":"145","postCode":"2102","name":"Bisamberg"},
{"_id":"146","postCode":"5500","name":"Bischofshofen"},
{"_id":"147","postCode":"3232","name":"Bischofstetten"},
{"_id":"148","postCode":"6874","name":"Bizau"},
{"_id":"149","postCode":"3372","name":"Blindenmarkt"},
{"_id":"150","postCode":"6723","name":"Blons"},
{"_id":"151","postCode":"6700","name":"Bludenz"},
{"_id":"152","postCode":"6719","name":"Bludesch"},
{"_id":"153","postCode":"7551","name":"Bocksdorf"},
{"_id":"154","postCode":"5733","name":"Bramberg am Wildkogel"},
{"_id":"155","postCode":"6708","name":"Brand"},
{"_id":"156","postCode":"3053","name":"Laaben"},
{"_id":"157","postCode":"6290","name":"Brandberg"},
{"_id":"158","postCode":"6234","name":"Brandenberg"},
{"_id":"159","postCode":"5280","name":"Braunau am Inn"},
{"_id":"160","postCode":"6900","name":"Bregenz"},
{"_id":"161","postCode":"2624","name":"Breitenau"},
{"_id":"162","postCode":"6252","name":"Breitenbach am Inn"},
{"_id":"163","postCode":"7091","name":"Breitenbrunn"},
{"_id":"164","postCode":"2384","name":"Breitenfurt bei Wien"},
{"_id":"165","postCode":"2673","name":"Breitenstein"},
{"_id":"166","postCode":"6600","name":"Breitenwang"},
{"_id":"167","postCode":"6364","name":"Brixen im Thale"},
{"_id":"168","postCode":"6230","name":"Brixlegg"},
{"_id":"169","postCode":"2833","name":"Bromberg"},
{"_id":"170","postCode":"6260","name":"Bruck am Ziller"},
{"_id":"171","postCode":"2460","name":"Bruck an der Leitha"},
{"_id":"172","postCode":"8600","name":"Bruck an der Mur"},
{"_id":"173","postCode":"2460","name":"Bruckneudorf"},
{"_id":"174","postCode":"2345","name":"Brunn am Gebirge"},
{"_id":"175","postCode":"3595","name":"Brunn an der Wild"},
{"_id":"176","postCode":"4786","name":"Brunnenthal"},
{"_id":"177","postCode":"6960","name":"Buch"},
{"_id":"178","postCode":"6220","name":"Buch in Tirol"},
{"_id":"179","postCode":"2630","name":"Buchbach"},
{"_id":"180","postCode":"4611","name":"Buchkirchen"},
{"_id":"181","postCode":"8291","name":"Burgau"},
{"_id":"182","postCode":"5274","name":"Burgkirchen"},
{"_id":"183","postCode":"6752","name":"Dalaas"},
{"_id":"184","postCode":"8241","name":"Dechantskirchen"},
{"_id":"185","postCode":"9635","name":"Dellach"},
{"_id":"186","postCode":"9772","name":"Dellach im Drautal"},
{"_id":"187","postCode":"4693","name":"Desselbrunn"},
{"_id":"188","postCode":"8483","name":"Deutsch Goritz"},
{"_id":"189","postCode":"2423","name":"Deutsch Jahrndorf"},
{"_id":"190","postCode":"7572","name":"Deutsch Kaltenbrunn"},
{"_id":"191","postCode":"9572","name":"Deutsch-Griffen"},
{"_id":"192","postCode":"2232","name":"Deutsch-Wagram"},
{"_id":"193","postCode":"8121","name":"Deutschfeistritz"},
{"_id":"194","postCode":"7301","name":"Deutschkreutz"},
{"_id":"195","postCode":"8530","name":"Deutschlandsberg"},
{"_id":"196","postCode":"4776","name":"Diersbach"},
{"_id":"197","postCode":"4407","name":"Dietach"},
{"_id":"198","postCode":"3813","name":"Dietmanns"},
{"_id":"199","postCode":"9103","name":"Diex"},
{"_id":"200","postCode":"4371","name":"Dimbach"},
{"_id":"201","postCode":"3843","name":"Dobersberg"},
{"_id":"202","postCode":"7082","name":"Donnerskirchen"},
{"_id":"203","postCode":"6933","name":"Doren"},
{"_id":"204","postCode":"4751","name":"Dorf an der Pram"},
{"_id":"205","postCode":"5152","name":"Dorfbeuern"},
{"_id":"206","postCode":"5632","name":"Dorfgastein"},
{"_id":"207","postCode":"4392","name":"Dorfstetten"},
{"_id":"208","postCode":"6850","name":"Dornbirn"},
{"_id":"209","postCode":"2165","name":"Drasenhofen"},
{"_id":"210","postCode":"6341","name":"Ebbs"},
{"_id":"211","postCode":"5531","name":"Eben im Pongau"},
{"_id":"212","postCode":"5323","name":"Ebenau"},
{"_id":"213","postCode":"2490","name":"Ebenfurth"},
{"_id":"214","postCode":"2251","name":"Ebenthal"},
{"_id":"215","postCode":"7521","name":"Eberau"},
{"_id":"216","postCode":"2435","name":"Ebergassing"},
{"_id":"217","postCode":"9141","name":"Eberndorf"},
{"_id":"218","postCode":"4906","name":"Eberschwang"},
{"_id":"219","postCode":"8273","name":"Ebersdorf"},
{"_id":"220","postCode":"4653","name":"Eberstalzell"},
{"_id":"221","postCode":"9372","name":"Eberstein"},
{"_id":"222","postCode":"2483","name":"Ebreichsdorf"},
{"_id":"223","postCode":"3903","name":"Echsenbach"},
{"_id":"224","postCode":"2305","name":"Eckartsau"},
{"_id":"225","postCode":"8332","name":"Edelsbach bei Feldbach"},
{"_id":"226","postCode":"8583","name":"Edelschrott"},
{"_id":"227","postCode":"2413","name":"Edelstal"},
{"_id":"228","postCode":"4580","name":"Edlbach"},
{"_id":"229","postCode":"2842","name":"Edlitz"},
{"_id":"230","postCode":"4650","name":"Edt bei Lambach"},
{"_id":"231","postCode":"4070","name":"Eferding"},
{"_id":"232","postCode":"6863","name":"Egg"},
{"_id":"233","postCode":"5142","name":"Eggelsberg"},
{"_id":"234","postCode":"3730","name":"Eggenburg"},
{"_id":"235","postCode":"2492","name":"Eggendorf"},
{"_id":"236","postCode":"4622","name":"Eggendorf im Traunkreis"},
{"_id":"237","postCode":"4773","name":"Eggerding"},
{"_id":"238","postCode":"3861","name":"Eggern"},
{"_id":"239","postCode":"8063","name":"Eggersdorf bei Graz"},
{"_id":"240","postCode":"6600","name":"Ehenbichl"},
{"_id":"241","postCode":"6632","name":"Ehrwald"},
{"_id":"242","postCode":"8552","name":"Eibiswald"},
{"_id":"243","postCode":"6911","name":"Eichenberg"},
{"_id":"244","postCode":"3032","name":"Eichgraben"},
{"_id":"245","postCode":"4201","name":"Eidenberg"},
{"_id":"246","postCode":"8790","name":"Eisenerz"},
{"_id":"247","postCode":"7000","name":"Eisenstadt"},
{"_id":"248","postCode":"3862","name":"Eisgarn"},
{"_id":"249","postCode":"4970","name":"Eitzing"},
{"_id":"250","postCode":"6652","name":"Elbigenalp"},
{"_id":"251","postCode":"5161","name":"Elixhausen"},
{"_id":"252","postCode":"6352","name":"Ellmau"},
{"_id":"253","postCode":"6644","name":"Elmen"},
{"_id":"254","postCode":"5061","name":"Elsbethen"},
{"_id":"255","postCode":"7562","name":"Eltendorf"},
{"_id":"256","postCode":"3644","name":"Emmersdorf an der Donau"},
{"_id":"257","postCode":"8081","name":"Empersdorf"},
{"_id":"258","postCode":"2292","name":"Engelhartstetten"},
{"_id":"259","postCode":"4090","name":"Engelhartszell"},
{"_id":"260","postCode":"4209","name":"Engerwitzdorf"},
{"_id":"261","postCode":"4470","name":"Enns"},
{"_id":"262","postCode":"4482","name":"Ennsdorf"},
{"_id":"263","postCode":"4761","name":"Enzenkirchen"},
{"_id":"264","postCode":"2640","name":"Enzenreith"},
{"_id":"265","postCode":"2431","name":"Enzersdorf an der Fischa"},
{"_id":"266","postCode":"2202","name":"Enzersfeld im Weinviertel"},
{"_id":"267","postCode":"6343","name":"Erl"},
{"_id":"268","postCode":"3253","name":"Erlauf"},
{"_id":"269","postCode":"2115","name":"Ernstbrunn"},
{"_id":"270","postCode":"4432","name":"Ernsthofen"},
{"_id":"271","postCode":"3355","name":"Ertl"},
{"_id":"272","postCode":"3153","name":"Eschenau"},
{"_id":"273","postCode":"4724","name":"Eschenau im Hausruckkreis"},
{"_id":"274","postCode":"4092","name":"Esternberg"},
{"_id":"275","postCode":"5301","name":"Eugendorf"},
{"_id":"276","postCode":"3324","name":"Euratsfeld"},
{"_id":"277","postCode":"6525","name":"Faggen"},
{"_id":"278","postCode":"5324","name":"Faistenau"},
{"_id":"279","postCode":"2162","name":"Falkenstein"},
{"_id":"280","postCode":"2133","name":"Fallbach"},
{"_id":"281","postCode":"8350","name":"Fehring"},
{"_id":"282","postCode":"2873","name":"Feistritz am Wechsel"},
{"_id":"283","postCode":"9613","name":"Feistritz an der Gail"},
{"_id":"284","postCode":"9181","name":"Feistritz im Rosental"},
{"_id":"285","postCode":"9143","name":"Feistritz ob Bleiburg"},
{"_id":"286","postCode":"9544","name":"Feld am See"},
{"_id":"287","postCode":"8330","name":"Feldbach"},
{"_id":"288","postCode":"6800","name":"Feldkirch"},
{"_id":"289","postCode":"4101","name":"Feldkirchen an der Donau"},
{"_id":"290","postCode":"8073","name":"Feldkirchen bei Graz"},
{"_id":"291","postCode":"5143","name":"Feldkirchen bei Mattighofen"},
{"_id":"292","postCode":"2603","name":"Felixdorf"},
{"_id":"293","postCode":"3481","name":"Fels am Wagram"},
{"_id":"294","postCode":"6528","name":"Fendels"},
{"_id":"295","postCode":"9170","name":"Ferlach"},
{"_id":"296","postCode":"9702","name":"Ferndorf"},
{"_id":"297","postCode":"3325","name":"Ferschnitz"},
{"_id":"298","postCode":"6391","name":"Fieberbrunn"},
{"_id":"299","postCode":"5532","name":"Filzmoos"},
{"_id":"300","postCode":"6292","name":"Finkenberg"},
{"_id":"301","postCode":"9584","name":"Finkenstein am Faaker See"},
{"_id":"302","postCode":"2401","name":"Fischamend"},
{"_id":"303","postCode":"8654","name":"Fischbach"},
{"_id":"304","postCode":"4652","name":"Fischlham"},
{"_id":"305","postCode":"6533","name":"Fiss"},
{"_id":"306","postCode":"5542","name":"Flachau"},
{"_id":"307","postCode":"8163","name":"Fladnitz an der Teichalm"},
{"_id":"308","postCode":"9831","name":"Flattach"},
{"_id":"309","postCode":"6403","name":"Flaurling"},
{"_id":"310","postCode":"6572","name":"Flirsch"},
{"_id":"311","postCode":"8183","name":"Floing"},
{"_id":"312","postCode":"8753","name":"Fohnsdorf"},
{"_id":"313","postCode":"6733","name":"Fontanella"},
{"_id":"314","postCode":"6670","name":"Forchach"},
{"_id":"315","postCode":"7212","name":"Forchtenstein"},
{"_id":"316","postCode":"4892","name":"Fornach"},
{"_id":"317","postCode":"5552","name":"Forstau"},
{"_id":"318","postCode":"4070","name":"Fraham"},
{"_id":"319","postCode":"4873","name":"Frankenburg am Hausruck"},
{"_id":"320","postCode":"3213","name":"Frankenfels"},
{"_id":"321","postCode":"4890","name":"Frankenmarkt"},
{"_id":"322","postCode":"6820","name":"Frastanz"},
{"_id":"323","postCode":"7132","name":"Frauenkirchen"},
{"_id":"324","postCode":"9311","name":"Frauenstein"},
{"_id":"325","postCode":"6833","name":"Fraxern"},
{"_id":"326","postCode":"4785","name":"Freinberg"},
{"_id":"327","postCode":"4240","name":"Freistadt"},
{"_id":"328","postCode":"9712","name":"Fresach"},
{"_id":"329","postCode":"8240","name":"Friedberg"},
{"_id":"330","postCode":"9360","name":"Friesach"},
{"_id":"331","postCode":"6122","name":"Fritzens"},
{"_id":"332","postCode":"8130","name":"Frohnleiten"},
{"_id":"333","postCode":"6166","name":"Fulpmes"},
{"_id":"334","postCode":"2564","name":"Furth an der Triesting"},
{"_id":"335","postCode":"5330","name":"Fuschl am See"},
{"_id":"336","postCode":"2531","name":"Gaaden"},
{"_id":"337","postCode":"8731","name":"Gaal"},
{"_id":"338","postCode":"8424","name":"Gabersdorf"},
{"_id":"339","postCode":"3003","name":"Gablitz"},
{"_id":"340","postCode":"3334","name":"Gaflenz"},
{"_id":"341","postCode":"8783","name":"Gaishorn am See"},
{"_id":"342","postCode":"9132","name":"Gallizien"},
{"_id":"343","postCode":"4210","name":"Gallneukirchen"},
{"_id":"344","postCode":"4713","name":"Gallspach"},
{"_id":"345","postCode":"6222","name":"Gallzein"},
{"_id":"346","postCode":"3292","name":"Gaming"},
{"_id":"347","postCode":"8462","name":"Gamlitz"},
{"_id":"348","postCode":"4851","name":"Gampern"},
{"_id":"349","postCode":"3571","name":"Gars am Kamp"},
{"_id":"350","postCode":"4451","name":"Garsten"},
{"_id":"351","postCode":"6793","name":"Gaschurn"},
{"_id":"352","postCode":"8616","name":"Gasen"},
{"_id":"353","postCode":"4673","name":"Gaspoltshofen"},
{"_id":"354","postCode":"3852","name":"Gastern"},
{"_id":"355","postCode":"2474","name":"Gattendorf"},
{"_id":"356","postCode":"2154","name":"Gaubitsch"},
{"_id":"357","postCode":"2191","name":"Gaweinstal"},
{"_id":"358","postCode":"4682","name":"Geboltskirchen"},
{"_id":"359","postCode":"3494","name":"Gedersdorf"},
{"_id":"360","postCode":"4922","name":"Geiersberg"},
{"_id":"361","postCode":"4943","name":"Geinberg"},
{"_id":"362","postCode":"2093","name":"Geras"},
{"_id":"363","postCode":"2201","name":"Gerasdorf bei Wien"},
{"_id":"364","postCode":"3385","name":"Gerersdorf"},
{"_id":"365","postCode":"5132","name":"Geretsberg"},
{"_id":"366","postCode":"6281","name":"Gerlos"},
{"_id":"367","postCode":"6280","name":"Gerlosberg"},
{"_id":"368","postCode":"8212","name":"Gersdorf an der Feistritz"},
{"_id":"369","postCode":"5133","name":"Gilgenberg am Weilhart"},
{"_id":"370","postCode":"9555","name":"Glanegg"},
{"_id":"371","postCode":"8200","name":"Gleisdorf"},
{"_id":"372","postCode":"2282","name":"Glinzendorf"},
{"_id":"373","postCode":"9142","name":"Globasnitz"},
{"_id":"374","postCode":"2640","name":"Gloggnitz"},
{"_id":"375","postCode":"4810","name":"Gmunden"},
{"_id":"376","postCode":"2152","name":"Gnadendorf"},
{"_id":"377","postCode":"6069","name":"Gnadenwald"},
{"_id":"378","postCode":"8342","name":"Gnas"},
{"_id":"379","postCode":"9563","name":"Gnesau"},
{"_id":"380","postCode":"5622","name":"Goldegg"},
{"_id":"381","postCode":"3381","name":"Golling an der Erlauf"},
{"_id":"382","postCode":"5440","name":"Golling an der Salzach"},
{"_id":"383","postCode":"7122","name":"Gols"},
{"_id":"384","postCode":"4824","name":"Gosau"},
{"_id":"385","postCode":"8232","name":"Grafendorf bei Hartberg"},
{"_id":"386","postCode":"3492","name":"Grafenegg"},
{"_id":"387","postCode":"7423","name":"Grafenschachen"},
{"_id":"388","postCode":"3912","name":"Grafenschlag"},
{"_id":"389","postCode":"9131","name":"Grafenstein"},
{"_id":"390","postCode":"6650","name":"Gramais"},
{"_id":"391","postCode":"4201","name":"Gramastetten"},
{"_id":"392","postCode":"2440","name":"Gramatneusiedl"},
{"_id":"393","postCode":"8101","name":"Gratkorn"},
{"_id":"394","postCode":"8010","name":"Graz"},
{"_id":"395","postCode":"9761","name":"Greifenburg"},
{"_id":"396","postCode":"4360","name":"Grein"},
{"_id":"397","postCode":"8230","name":"Greinbach"},
{"_id":"398","postCode":"3264","name":"Gresten"},
{"_id":"399","postCode":"6156","name":"Gries am Brenner"},
{"_id":"400","postCode":"6182","name":"Gries im Sellrain"},
{"_id":"401","postCode":"4710","name":"Grieskirchen"},
{"_id":"402","postCode":"9112","name":"Griffen"},
{"_id":"403","postCode":"2840","name":"Grimmenstein"},
{"_id":"404","postCode":"6591","name":"Grins"},
{"_id":"405","postCode":"6095","name":"Grinzens"},
{"_id":"406","postCode":"8993","name":"Grundlsee"},
{"_id":"407","postCode":"6150","name":"Gschnitz"},
{"_id":"408","postCode":"4816","name":"Gschwandt"},
{"_id":"409","postCode":"2352","name":"Gumpoldskirchen"},
{"_id":"410","postCode":"4623","name":"Gunskirchen"},
{"_id":"411","postCode":"2042","name":"Guntersdorf"},
{"_id":"412","postCode":"2353","name":"Guntramsdorf"},
{"_id":"413","postCode":"9342","name":"Gurk"},
{"_id":"414","postCode":"4942","name":"Gurten"},
{"_id":"415","postCode":"4293","name":"Gutau"},
{"_id":"416","postCode":"3665","name":"Gutenbrunn"},
{"_id":"417","postCode":"2770","name":"Gutenstein"},
{"_id":"418","postCode":"9334","name":"Guttaring"},
{"_id":"419","postCode":"4680","name":"Haag am Hausruck"},
{"_id":"420","postCode":"8292","name":"Hackerberg"},
{"_id":"421","postCode":"2061","name":"Hadres"},
{"_id":"422","postCode":"3386","name":"Hafnerbach"},
{"_id":"423","postCode":"2102","name":"Hagenbrunn"},
{"_id":"424","postCode":"4083","name":"Haibach ob der Donau"},
{"_id":"425","postCode":"4431","name":"Haidershofen"},
{"_id":"426","postCode":"6425","name":"Haiming"},
{"_id":"427","postCode":"3170","name":"Hainfeld"},
{"_id":"428","postCode":"6278","name":"Hainzenberg"},
{"_id":"429","postCode":"8492","name":"Halbenrain"},
{"_id":"430","postCode":"7131","name":"Halbturn"},
{"_id":"431","postCode":"6060","name":"Hall in Tirol"},
{"_id":"432","postCode":"5400","name":"Hallein"},
{"_id":"433","postCode":"4830","name":"Hallstatt"},
{"_id":"434","postCode":"5300","name":"Hallwang"},
{"_id":"435","postCode":"5144","name":"Handenberg"},
{"_id":"436","postCode":"7473","name":"Hannersdorf"},
{"_id":"437","postCode":"6971","name":"Hard"},
{"_id":"438","postCode":"2083","name":"Hardegg"},
{"_id":"439","postCode":"4483","name":"Hargelsberg"},
{"_id":"440","postCode":"2286","name":"Haringsee"},
{"_id":"441","postCode":"2111","name":"Harmannsdorf"},
{"_id":"442","postCode":"8075","name":"Hart bei Graz"},
{"_id":"443","postCode":"6265","name":"Hart im Zillertal"},
{"_id":"444","postCode":"8230","name":"Hartberg"},
{"_id":"445","postCode":"4081","name":"Hartkirchen"},
{"_id":"446","postCode":"8224","name":"Hartl"},
{"_id":"447","postCode":"6402","name":"Hatting"},
{"_id":"448","postCode":"3874","name":"Haugschlag"},
{"_id":"449","postCode":"2054","name":"Haugsdorf"},
{"_id":"450","postCode":"3384","name":"Haunoldstein"},
{"_id":"451","postCode":"8967","name":"Haus"},
{"_id":"452","postCode":"2145","name":"Hausbrunn"},
{"_id":"453","postCode":"2184","name":"Hauskirchen"},
{"_id":"454","postCode":"3464","name":"Hausleiten"},
{"_id":"455","postCode":"3860","name":"Heidenreichstein"},
{"_id":"456","postCode":"4733","name":"Heiligenberg"},
{"_id":"457","postCode":"7522","name":"Heiligenbrunn"},
{"_id":"458","postCode":"2532","name":"Heiligenkreuz"},
{"_id":"459","postCode":"8081","name":"Heiligenkreuz am Waasen"},
{"_id":"460","postCode":"7561","name":"Heiligenkreuz im Lafnitztal"},
{"_id":"461","postCode":"8451","name":"Heimschuh"},
{"_id":"462","postCode":"9919","name":"Heinfels"},
{"_id":"463","postCode":"6611","name":"Heiterwang"},
{"_id":"464","postCode":"4184","name":"Helfenberg"},
{"_id":"465","postCode":"5261","name":"Helpfau-Uttendorf"},
{"_id":"466","postCode":"8411","name":"Hengsberg"},
{"_id":"467","postCode":"5302","name":"Henndorf am Wallersee"},
{"_id":"468","postCode":"2332","name":"Hennersdorf"},
{"_id":"469","postCode":"2560","name":"Hernstein"},
{"_id":"470","postCode":"2171","name":"Herrnbaumgarten"},
{"_id":"471","postCode":"3130","name":"Herzogenburg"},
{"_id":"472","postCode":"4175","name":"Herzogsdorf"},
{"_id":"473","postCode":"7551","name":"Heugraben"},
{"_id":"474","postCode":"2325","name":"Himberg"},
{"_id":"475","postCode":"9562","name":"Himmelberg"},
{"_id":"476","postCode":"6646","name":"Hinterhornbach"},
{"_id":"477","postCode":"5324","name":"Hintersee"},
{"_id":"478","postCode":"4573","name":"Hinterstoder"},
{"_id":"479","postCode":"4070","name":"Hinzenbach"},
{"_id":"480","postCode":"6283","name":"Hippach"},
{"_id":"481","postCode":"7024","name":"Hirm"},
{"_id":"482","postCode":"3942","name":"Hirschbach"},
{"_id":"483","postCode":"2552","name":"Hirtenberg"},
{"_id":"484","postCode":"6952","name":"Hittisau"},
{"_id":"485","postCode":"8151","name":"Hitzendorf"},
{"_id":"486","postCode":"6395","name":"Hochfilzen"},
{"_id":"487","postCode":"2123","name":"Hochleithen"},
{"_id":"488","postCode":"2802","name":"Hochwolkersdorf"},
{"_id":"489","postCode":"2451","name":"Hof am Leithaberge"},
{"_id":"490","postCode":"5322","name":"Hof bei Salzburg"},
{"_id":"491","postCode":"3681","name":"Hofamt Priel"},
{"_id":"492","postCode":"4716","name":"Hofkirchen an der Trattnach"},
{"_id":"493","postCode":"4492","name":"Hofkirchen im Traunkreis"},
{"_id":"494","postCode":"2273","name":"Hohenau an der March"},
{"_id":"495","postCode":"3192","name":"Hohenberg"},
{"_id":"496","postCode":"3945","name":"Hoheneich"},
{"_id":"497","postCode":"6845","name":"Hohenems"},
{"_id":"498","postCode":"2223","name":"Hohenruppersdorf"},
{"_id":"499","postCode":"8785","name":"Hohentauern"},
{"_id":"500","postCode":"9613","name":"Hohenthurn"},
{"_id":"501","postCode":"6914","name":"Hohenweiler"},
{"_id":"502","postCode":"4921","name":"Hohenzell"},
{"_id":"503","postCode":"2020","name":"Hollabrunn"},
{"_id":"504","postCode":"3343","name":"Hollenstein an der Ybbs"},
{"_id":"505","postCode":"2812","name":"Hollenthon"},
{"_id":"506","postCode":"5731","name":"Hollersbach im Pinzgau"},
{"_id":"507","postCode":"6654","name":"Holzgau"},
{"_id":"508","postCode":"4615","name":"Holzhausen"},
{"_id":"509","postCode":"6361","name":"Hopfgarten im Brixental"},
{"_id":"510","postCode":"9961","name":"Hopfgarten in Defereggen"},
{"_id":"511","postCode":"7312","name":"Horitschon"},
{"_id":"512","postCode":"3580","name":"Horn"},
{"_id":"513","postCode":"7053","name":"Hornstein"},
{"_id":"514","postCode":"2405","name":"Hundsheim"},
{"_id":"515","postCode":"7142","name":"Illmitz"},
{"_id":"516","postCode":"8262","name":"Ilz"},
{"_id":"517","postCode":"6460","name":"Imst"},
{"_id":"518","postCode":"6492","name":"Imsterberg"},
{"_id":"519","postCode":"6751","name":"Innerbraz"},
{"_id":"520","postCode":"5310","name":"Innerschwand am Mondsee"},
{"_id":"521","postCode":"9932","name":"Innervillgraten"},
{"_id":"522","postCode":"6020","name":"Innsbruck"},
{"_id":"523","postCode":"7540","name":"Inzenhof"},
{"_id":"524","postCode":"4565","name":"Inzersdorf im Kremstal"},
{"_id":"525","postCode":"6401","name":"Inzing"},
{"_id":"526","postCode":"9773","name":"Irschen"},
{"_id":"527","postCode":"6561","name":"Ischgl"},
{"_id":"528","postCode":"6305","name":"Itter"},
{"_id":"529","postCode":"7503","name":"Jabing"},
{"_id":"530","postCode":"8091","name":"Jagerberg"},
{"_id":"531","postCode":"3542","name":"Jaidhof"},
{"_id":"532","postCode":"3763","name":"Japons"},
{"_id":"533","postCode":"2264","name":"Jedenspeigen"},
{"_id":"534","postCode":"5225","name":"Jeging"},
{"_id":"535","postCode":"6200","name":"Jenbach"},
{"_id":"536","postCode":"8380","name":"Jennersdorf"},
{"_id":"537","postCode":"6474","name":"Jerzens"},
{"_id":"538","postCode":"6373","name":"Jochberg"},
{"_id":"539","postCode":"7093","name":"Jois"},
{"_id":"540","postCode":"8750","name":"Judenburg"},
{"_id":"541","postCode":"4162","name":"Julbach"},
{"_id":"542","postCode":"6691","name":"Jungholz"},
{"_id":"543","postCode":"8573","name":"Kainach bei Voitsberg"},
{"_id":"544","postCode":"8224","name":"Kaindorf"},
{"_id":"545","postCode":"6655","name":"Kaisers"},
{"_id":"546","postCode":"7342","name":"Kaisersdorf"},
{"_id":"547","postCode":"4720","name":"Kallham"},
{"_id":"548","postCode":"8401","name":"Kalsdorf bei Graz"},
{"_id":"549","postCode":"6272","name":"Kaltenbach"},
{"_id":"550","postCode":"4273","name":"Kaltenberg"},
{"_id":"551","postCode":"2391","name":"Kaltenleutgeben"},
{"_id":"552","postCode":"8775","name":"Kalwang"},
{"_id":"553","postCode":"8773","name":"Kammern im Liesingtal"},
{"_id":"554","postCode":"3141","name":"Kapelln"},
{"_id":"555","postCode":"8605","name":"Kapfenberg"},
{"_id":"556","postCode":"8353","name":"Kapfenstein"},
{"_id":"557","postCode":"9321","name":"Kappel am Krappfeld"},
{"_id":"558","postCode":"6555","name":"Kappl"},
{"_id":"559","postCode":"5710","name":"Kaprun"},
{"_id":"560","postCode":"3822","name":"Karlstein an der Thaya"},
{"_id":"561","postCode":"3121","name":"Karlstetten"},
{"_id":"562","postCode":"6462","name":"Karres"},
{"_id":"563","postCode":"9941","name":"Kartitsch"},
{"_id":"564","postCode":"4223","name":"Katsdorf"},
{"_id":"565","postCode":"2801","name":"Katzelsdorf"},
{"_id":"566","postCode":"2572","name":"Kaumberg"},
{"_id":"567","postCode":"6526","name":"Kauns"},
{"_id":"568","postCode":"3851","name":"Kautzen"},
{"_id":"569","postCode":"4292","name":"Kefermarkt"},
{"_id":"570","postCode":"4633","name":"Kematen am Innbach"},
{"_id":"571","postCode":"4531","name":"Kematen an der Krems"},
{"_id":"572","postCode":"3331","name":"Kematen an der Ybbs"},
{"_id":"573","postCode":"6175","name":"Kematen in Tirol"},
{"_id":"574","postCode":"7531","name":"Kemeten"},
{"_id":"575","postCode":"6921","name":"Kennelbach"},
{"_id":"576","postCode":"9074","name":"Keutschach am See"},
{"_id":"577","postCode":"3233","name":"Kilb"},
{"_id":"578","postCode":"8650","name":"Kindberg"},
{"_id":"579","postCode":"9632","name":"Kirchbach"},
{"_id":"580","postCode":"3470","name":"Kirchberg am Wagram"},
{"_id":"581","postCode":"3932","name":"Kirchberg am Walde"},
{"_id":"582","postCode":"2880","name":"Kirchberg am Wechsel"},
{"_id":"583","postCode":"3204","name":"Kirchberg an der Pielach"},
{"_id":"584","postCode":"8324","name":"Kirchberg an der Raab"},
{"_id":"585","postCode":"5232","name":"Kirchberg bei Mattighofen"},
{"_id":"586","postCode":"6365","name":"Kirchberg in Tirol"},
{"_id":"587","postCode":"4131","name":"Kirchberg ob der Donau"},
{"_id":"588","postCode":"6322","name":"Kirchbichl"},
{"_id":"589","postCode":"4982","name":"Kirchdorf am Inn"},
{"_id":"590","postCode":"4560","name":"Kirchdorf an der Krems"},
{"_id":"591","postCode":"6382","name":"Kirchdorf in Tirol"},
{"_id":"592","postCode":"4656","name":"Kirchham"},
{"_id":"593","postCode":"4932","name":"Kirchheim im Innkreis"},
{"_id":"594","postCode":"3631","name":"Kirchschlag"},
{"_id":"595","postCode":"4202","name":"Kirchschlag bei Linz"},
{"_id":"596","postCode":"2860","name":"Kirchschlag in der Buckligen Welt"},
{"_id":"597","postCode":"3062","name":"Kirchstetten"},
{"_id":"598","postCode":"3241","name":"Kirnberg an der Mank"},
{"_id":"599","postCode":"2421","name":"Kittsee"},
{"_id":"600","postCode":"8442","name":"Kitzeck im Sausal"},
{"_id":"601","postCode":"4163","name":"Klaffer am Hochficht"},
{"_id":"602","postCode":"4352","name":"Klam"},
{"_id":"603","postCode":"6833","name":"Klaus"},
{"_id":"604","postCode":"4564","name":"Klaus an der Pyhrnbahn"},
{"_id":"605","postCode":"2533","name":"Klausen-Leopoldsdorf"},
{"_id":"606","postCode":"2431","name":"Klein-Neusiedl"},
{"_id":"607","postCode":"5603","name":"Kleinarl"},
{"_id":"608","postCode":"3171","name":"Kleinzell"},
{"_id":"609","postCode":"7013","name":"Klingenbach"},
{"_id":"610","postCode":"3400","name":"Klosterneuburg"},
{"_id":"611","postCode":"8720","name":"Knittelfeld"},
{"_id":"612","postCode":"8723","name":"Kobenz"},
{"_id":"613","postCode":"7332","name":"Kobersdorf"},
{"_id":"614","postCode":"6842","name":"Koblach"},
{"_id":"615","postCode":"7512","name":"Kohfidisch"},
{"_id":"616","postCode":"4154","name":"Kollerschlag"},
{"_id":"617","postCode":"6114","name":"Kolsass"},
{"_id":"618","postCode":"6115","name":"Kolsassberg"},
{"_id":"619","postCode":"4794","name":"Kopfing im Innkreis"},
{"_id":"620","postCode":"5321","name":"Koppl"},
{"_id":"621","postCode":"2100","name":"Korneuburg"},
{"_id":"622","postCode":"2542","name":"Kottingbrunn"},
{"_id":"623","postCode":"6233","name":"Kramsach"},
{"_id":"624","postCode":"8714","name":"Kraubath an der Mur"},
{"_id":"625","postCode":"3500","name":"Krems"},
{"_id":"626","postCode":"4631","name":"Krenglbach"},
{"_id":"627","postCode":"7031","name":"Krensdorf"},
{"_id":"628","postCode":"8670","name":"Krieglach"},
{"_id":"629","postCode":"5743","name":"Krimml"},
{"_id":"630","postCode":"5425","name":"Krispl"},
{"_id":"631","postCode":"4484","name":"Kronstorf"},
{"_id":"632","postCode":"3543","name":"Krumau am Kamp"},
{"_id":"633","postCode":"2851","name":"Krumbach"},
{"_id":"634","postCode":"6942","name":"Krumbach"},
{"_id":"635","postCode":"5431","name":"Kuchl"},
{"_id":"636","postCode":"6330","name":"Kufstein"},
{"_id":"637","postCode":"7543","name":"Kukmirn"},
{"_id":"638","postCode":"8062","name":"Kumberg"},
{"_id":"639","postCode":"6250","name":"Kundl"},
{"_id":"640","postCode":"2136","name":"Laa an der Thaya"},
{"_id":"641","postCode":"2381","name":"Laab im Walde"},
{"_id":"642","postCode":"4663","name":"Laakirchen"},
{"_id":"643","postCode":"7322","name":"Lackenbach"},
{"_id":"644","postCode":"7321","name":"Lackendorf"},
{"_id":"645","postCode":"2126","name":"Ladendorf"},
{"_id":"646","postCode":"6532","name":"Ladis"},
{"_id":"647","postCode":"8233","name":"Lafnitz"},
{"_id":"648","postCode":"4650","name":"Lambach"},
{"_id":"649","postCode":"4772","name":"Lambrechten"},
{"_id":"650","postCode":"5112","name":"Lamprechtshausen"},
{"_id":"651","postCode":"6500","name":"Landeck"},
{"_id":"652","postCode":"8931","name":"Landl"},
{"_id":"653","postCode":"8403","name":"Lang"},
{"_id":"654","postCode":"2091","name":"Langau"},
{"_id":"655","postCode":"6932","name":"Langen bei Bregenz"},
{"_id":"656","postCode":"6941","name":"Langenegg"},
{"_id":"657","postCode":"3550","name":"Langenlois"},
{"_id":"658","postCode":"3442","name":"Langenrohr"},
{"_id":"659","postCode":"4222","name":"Langenstein"},
{"_id":"660","postCode":"8665","name":"Langenwang"},
{"_id":"661","postCode":"2103","name":"Langenzersdorf"},
{"_id":"662","postCode":"6336","name":"Langkampfen"},
{"_id":"663","postCode":"3921","name":"Langschlag"},
{"_id":"664","postCode":"8502","name":"Lannach"},
{"_id":"665","postCode":"6072","name":"Lans"},
{"_id":"666","postCode":"2326","name":"Lanzendorf"},
{"_id":"667","postCode":"2821","name":"Lanzenkirchen"},
{"_id":"668","postCode":"4291","name":"Lasberg"},
{"_id":"669","postCode":"2291","name":"Lassee"},
{"_id":"670","postCode":"8903","name":"Lassing"},
{"_id":"671","postCode":"6830","name":"Laterns"},
{"_id":"672","postCode":"4461","name":"Laussa"},
{"_id":"673","postCode":"6923","name":"Lauterach"},
{"_id":"674","postCode":"9906","name":"Lavant"},
{"_id":"675","postCode":"2361","name":"Laxenburg"},
{"_id":"676","postCode":"6764","name":"Lech"},
{"_id":"677","postCode":"6600","name":"Lechaschau"},
{"_id":"678","postCode":"3652","name":"Leiben"},
{"_id":"679","postCode":"8430","name":"Leibnitz, Styria"},
{"_id":"680","postCode":"9909","name":"Leisach"},
{"_id":"681","postCode":"2443","name":"Leithaprodersdorf"},
{"_id":"682","postCode":"2003","name":"Leitzersdorf"},
{"_id":"683","postCode":"5651","name":"Lend"},
{"_id":"684","postCode":"9811","name":"Lendorf"},
{"_id":"685","postCode":"5211","name":"Lengau"},
{"_id":"686","postCode":"3552","name":"Lengenfeld"},
{"_id":"687","postCode":"4860","name":"Lenzing"},
{"_id":"688","postCode":"8700","name":"Leoben"},
{"_id":"689","postCode":"2100","name":"Leobendorf"},
{"_id":"690","postCode":"2544","name":"Leobersdorf"},
{"_id":"691","postCode":"5771","name":"Leogang"},
{"_id":"692","postCode":"4060","name":"Leonding"},
{"_id":"693","postCode":"4262","name":"Leopoldschlag"},
{"_id":"694","postCode":"2333","name":"Leopoldsdorf"},
{"_id":"695","postCode":"2285","name":"Leopoldsdorf im Marchfelde"},
{"_id":"696","postCode":"6631","name":"Lermoos"},
{"_id":"697","postCode":"5575","name":"Lessach"},
{"_id":"698","postCode":"6105","name":"Leutasch"},
{"_id":"699","postCode":"4040","name":"Lichtenberg"},
{"_id":"700","postCode":"2813","name":"Lichtenegg"},
{"_id":"701","postCode":"4252","name":"Liebenau"},
{"_id":"702","postCode":"9556","name":"Liebenfels"},
{"_id":"703","postCode":"8501","name":"Lieboch"},
{"_id":"704","postCode":"9900","name":"Lienz"},
{"_id":"705","postCode":"8940","name":"Liezen"},
{"_id":"706","postCode":"8563","name":"Ligist"},
{"_id":"707","postCode":"3180","name":"Lilienfeld"},
{"_id":"708","postCode":"6951","name":"Lingenau"},
{"_id":"709","postCode":"4020","name":"Linz"},
{"_id":"710","postCode":"3874","name":"Litschau"},
{"_id":"711","postCode":"7532","name":"Litzelsdorf"},
{"_id":"712","postCode":"6911","name":"Lochau"},
{"_id":"713","postCode":"5221","name":"Lochen am See"},
{"_id":"714","postCode":"7442","name":"Lockenhaus"},
{"_id":"715","postCode":"5090","name":"Lofer"},
{"_id":"716","postCode":"3211","name":"Loich"},
{"_id":"717","postCode":"7020","name":"Loipersbach im Burgenland"},
{"_id":"718","postCode":"3382","name":"Loosdorf"},
{"_id":"719","postCode":"2443","name":"Loretto"},
{"_id":"720","postCode":"4460","name":"Losenstein"},
{"_id":"721","postCode":"6713","name":"Ludesch"},
{"_id":"722","postCode":"9072","name":"Ludmannsdorf"},
{"_id":"723","postCode":"4225","name":"Luftenberg an der Donau"},
{"_id":"724","postCode":"3293","name":"Lunz am See"},
{"_id":"725","postCode":"6890","name":"Lustenau"},
{"_id":"726","postCode":"7361","name":"Lutzmannsburg"},
{"_id":"727","postCode":"9064","name":"Magdalensberg"},
{"_id":"728","postCode":"2024","name":"Mailberg"},
{"_id":"729","postCode":"5751","name":"Maishofen"},
{"_id":"730","postCode":"3712","name":"Maissau"},
{"_id":"731","postCode":"9822","name":"Mallnitz"},
{"_id":"732","postCode":"9854","name":"Malta"},
{"_id":"733","postCode":"3240","name":"Mank"},
{"_id":"734","postCode":"2452","name":"Mannersdorf am Leithagebirge"},
{"_id":"735","postCode":"7444","name":"Mannersdorf an der Rabnitz"},
{"_id":"736","postCode":"4903","name":"Manning"},
{"_id":"737","postCode":"2304","name":"Mannsdorf an der Donau"},
{"_id":"738","postCode":"3671","name":"Marbach an der Donau"},
{"_id":"739","postCode":"2293","name":"Marchegg"},
{"_id":"740","postCode":"4614","name":"Marchtrenk"},
{"_id":"741","postCode":"5761","name":"Maria Alm am Steinernen Meer"},
{"_id":"742","postCode":"2344","name":"Maria Enzersdorf"},
{"_id":"743","postCode":"3643","name":"Maria Laach am Jauerling"},
{"_id":"744","postCode":"8591","name":"Maria Lankowitz"},
{"_id":"745","postCode":"4443","name":"Maria Neustift"},
{"_id":"746","postCode":"9161","name":"Maria Rain"},
{"_id":"747","postCode":"9063","name":"Maria Saal"},
{"_id":"748","postCode":"5241","name":"Maria Schmolln"},
{"_id":"749","postCode":"3672","name":"Maria Taferl"},
{"_id":"750","postCode":"3034","name":"Maria-Anzbach"},
{"_id":"751","postCode":"2326","name":"Maria-Lanzendorf"},
{"_id":"752","postCode":"5571","name":"Mariapfarr"},
{"_id":"753","postCode":"7433","name":"Mariasdorf"},
{"_id":"754","postCode":"6324","name":"Mariastein"},
{"_id":"755","postCode":"8630","name":"Mariazell"},
{"_id":"756","postCode":"2282","name":"Markgrafneusiedl"},
{"_id":"757","postCode":"7411","name":"Markt Allhau"},
{"_id":"758","postCode":"8311","name":"Markt Hartmannsdorf"},
{"_id":"759","postCode":"7464","name":"Markt Neuhodis"},
{"_id":"760","postCode":"2753","name":"Markt Piesting"},
{"_id":"761","postCode":"7341","name":"Markt Sankt Martin"},
{"_id":"762","postCode":"3664","name":"Martinsberg"},
{"_id":"763","postCode":"7221","name":"Marz"},
{"_id":"764","postCode":"6143","name":"Matrei am Brenner"},
{"_id":"765","postCode":"9971","name":"Matrei in Osttirol"},
{"_id":"766","postCode":"7210","name":"Mattersburg"},
{"_id":"767","postCode":"5230","name":"Mattighofen"},
{"_id":"768","postCode":"5163","name":"Mattsee"},
{"_id":"769","postCode":"3001","name":"Mauerbach"},
{"_id":"770","postCode":"5270","name":"Mauerkirchen"},
{"_id":"771","postCode":"3512","name":"Mautern an der Donau"},
{"_id":"772","postCode":"8774","name":"Mautern in Steiermark"},
{"_id":"773","postCode":"5570","name":"Mauterndorf"},
{"_id":"774","postCode":"4310","name":"Mauthausen"},
{"_id":"775","postCode":"4777","name":"Mayrhof"},
{"_id":"776","postCode":"6290","name":"Mayrhofen"},
{"_id":"777","postCode":"4714","name":"Meggenhofen"},
{"_id":"778","postCode":"4941","name":"Mehrnbach"},
{"_id":"779","postCode":"6812","name":"Meiningen"},
{"_id":"780","postCode":"3390","name":"Melk"},
{"_id":"781","postCode":"6881","name":"Mellau"},
{"_id":"782","postCode":"9363","name":"Metnitz"},
{"_id":"783","postCode":"4931","name":"Mettmach"},
{"_id":"784","postCode":"4712","name":"Michaelnbach"},
{"_id":"785","postCode":"3074","name":"Michelbach"},
{"_id":"786","postCode":"9322","name":"Micheldorf"},
{"_id":"787","postCode":"3451","name":"Michelhausen"},
{"_id":"788","postCode":"6142","name":"Mieders"},
{"_id":"789","postCode":"6414","name":"Mieming"},
{"_id":"790","postCode":"2761","name":"Miesenbach"},
{"_id":"791","postCode":"8190","name":"Miesenbach bei Birkfeld"},
{"_id":"792","postCode":"9872","name":"Millstatt"},
{"_id":"793","postCode":"6068","name":"Mils"},
{"_id":"794","postCode":"6493","name":"Mils bei Imst"},
{"_id":"795","postCode":"8384","name":"Minihof-Liebau"},
{"_id":"796","postCode":"4962","name":"Mining"},
{"_id":"797","postCode":"7511","name":"Mischendorf"},
{"_id":"798","postCode":"2130","name":"Mistelbach"},
{"_id":"799","postCode":"6991","name":"Mittelberg"},
{"_id":"800","postCode":"3224","name":"Mitterbach am Erlaufsee"},
{"_id":"801","postCode":"8181","name":"Mitterdorf an der Raab"},
{"_id":"802","postCode":"4343","name":"Mitterkirchen im Machland"},
{"_id":"803","postCode":"2441","name":"Mitterndorf an der Fischa"},
{"_id":"804","postCode":"5730","name":"Mittersill"},
{"_id":"805","postCode":"8382","name":"Mogersdorf"},
{"_id":"806","postCode":"4591","name":"Molln"},
{"_id":"807","postCode":"5310","name":"Mondsee"},
{"_id":"808","postCode":"5271","name":"Moosbach"},
{"_id":"809","postCode":"2440","name":"Moosbrunn"},
{"_id":"810","postCode":"9062","name":"Moosburg"},
{"_id":"811","postCode":"5141","name":"Moosdorf"},
{"_id":"812","postCode":"8562","name":"Mooskirchen"},
{"_id":"813","postCode":"8160","name":"Mortantsch"},
{"_id":"814","postCode":"7540","name":"Moschendorf"},
{"_id":"815","postCode":"2763","name":"Muggendorf"},
{"_id":"816","postCode":"5583","name":"Muhr"},
{"_id":"817","postCode":"5222","name":"Munderfing"},
{"_id":"818","postCode":"8850","name":"Murau"},
{"_id":"819","postCode":"8480","name":"Mureck"},
{"_id":"820","postCode":"6600","name":"Musau"},
{"_id":"821","postCode":"6162","name":"Mutters"},
{"_id":"822","postCode":"4331","name":"Naarn im Machlande"},
{"_id":"823","postCode":"8160","name":"Naas"},
{"_id":"824","postCode":"6623","name":"Namlos"},
{"_id":"825","postCode":"6465","name":"Nassereith"},
{"_id":"826","postCode":"4723","name":"Natternbach"},
{"_id":"827","postCode":"6161","name":"Natters"},
{"_id":"828","postCode":"6543","name":"Natters"},
{"_id":"829","postCode":"6145","name":"Navis"},
{"_id":"830","postCode":"4155","name":"Nebelberg"},
{"_id":"831","postCode":"7311","name":"Neckenmarkt"},
{"_id":"832","postCode":"3110","name":"Neidling"},
{"_id":"833","postCode":"6710","name":"Nenzing"},
{"_id":"834","postCode":"8302","name":"Nestelbach bei Graz"},
{"_id":"835","postCode":"7537","name":"Neuberg im Burgenland"},
{"_id":"836","postCode":"8292","name":"Neudau"},
{"_id":"837","postCode":"2475","name":"Neudorf"},
{"_id":"838","postCode":"2135","name":"Neudorf bei Staatz"},
{"_id":"839","postCode":"2491","name":"Neufeld an der Leitha"},
{"_id":"840","postCode":"4120","name":"Neufelden"},
{"_id":"841","postCode":"9155","name":"Neuhaus"},
{"_id":"842","postCode":"8385","name":"Neuhaus am Klausenbach"},
{"_id":"843","postCode":"4501","name":"Neuhofen an der Krems"},
{"_id":"844","postCode":"3364","name":"Neuhofen an der Ybbs"},
{"_id":"845","postCode":"4912","name":"Neuhofen im Innkreis"},
{"_id":"846","postCode":"4724","name":"Neukirchen am Walde"},
{"_id":"847","postCode":"5145","name":"Neukirchen an der Enknach"},
{"_id":"848","postCode":"4671","name":"Neukirchen bei Lambach"},
{"_id":"849","postCode":"3040","name":"Neulengbach"},
{"_id":"850","postCode":"5202","name":"Neumarkt am Wallersee"},
{"_id":"851","postCode":"3371","name":"Neumarkt an der Ybbs"},
{"_id":"852","postCode":"4720","name":"Neumarkt im Hausruckkreis"},
{"_id":"853","postCode":"8820","name":"Neumarkt in der Steiermark"},
{"_id":"854","postCode":"2620","name":"Neunkirchen"},
{"_id":"855","postCode":"7100","name":"Neusiedl am See"},
{"_id":"856","postCode":"2183","name":"Neusiedl an der Zaya"},
{"_id":"857","postCode":"3323","name":"Neustadtl an der Donau"},
{"_id":"858","postCode":"7423","name":"Neustift an der Lafnitz"},
{"_id":"859","postCode":"6167","name":"Neustift"},
{"_id":"860","postCode":"7343","name":"Neutal"},
{"_id":"861","postCode":"2425","name":"Nickelsdorf"},
{"_id":"862","postCode":"2004","name":"Niederhollabrunn"},
{"_id":"863","postCode":"4133","name":"Niederkappel"},
{"_id":"864","postCode":"2116","name":"Niederleis"},
{"_id":"865","postCode":"6342","name":"Niederndorf"},
{"_id":"866","postCode":"4491","name":"Niederneukirchen"},
{"_id":"867","postCode":"5722","name":"Niedernsill"},
{"_id":"868","postCode":"4692","name":"Niederthalheim"},
{"_id":"869","postCode":"4174","name":"Niederwaldkirchen"},
{"_id":"870","postCode":"7302","name":"Nikitsch"},
{"_id":"871","postCode":"8712","name":"Niklasdorf"},
{"_id":"872","postCode":"9782","name":"Nikolsdorf"},
{"_id":"873","postCode":"8742","name":"Obdach"},
{"_id":"874","postCode":"3200","name":"Ober-Grafendorf"},
{"_id":"875","postCode":"5411","name":"Oberalm"},
{"_id":"876","postCode":"7501","name":"Oberdorf im Burgenland"},
{"_id":"877","postCode":"9781","name":"Oberdrauburg"},
{"_id":"878","postCode":"8455","name":"Oberhaag"},
{"_id":"879","postCode":"4894","name":"Oberhofen am Irrsee"},
{"_id":"880","postCode":"6406","name":"Oberhofen im Inntal"},
{"_id":"881","postCode":"4144","name":"Oberkappel"},
{"_id":"882","postCode":"9903","name":"Oberlienz"},
{"_id":"883","postCode":"7451","name":"Oberloisdorf"},
{"_id":"884","postCode":"6157","name":"Obernberg am Brenner"},
{"_id":"885","postCode":"4982","name":"Obernberg am Inn"},
{"_id":"886","postCode":"3281","name":"Oberndorf an der Melk"},
{"_id":"887","postCode":"5110","name":"Oberndorf bei Salzburg"},
{"_id":"888","postCode":"4690","name":"Oberndorf bei Schwanenstadt"},
{"_id":"889","postCode":"6372","name":"Oberndorf in Tirol"},
{"_id":"890","postCode":"4181","name":"Oberneukirchen"},
{"_id":"891","postCode":"6173","name":"Oberperfuss"},
{"_id":"892","postCode":"7350","name":"Oberpullendorf"},
{"_id":"893","postCode":"2283","name":"Obersiebenbrunn"},
{"_id":"894","postCode":"9942","name":"Obertilliach"},
{"_id":"895","postCode":"4831","name":"Obertraun"},
{"_id":"896","postCode":"5162","name":"Obertrum am See"},
{"_id":"897","postCode":"9821","name":"Obervellach"},
{"_id":"898","postCode":"2522","name":"Oberwaltersdorf"},
{"_id":"899","postCode":"4882","name":"Oberwang"},
{"_id":"900","postCode":"7400","name":"Oberwart"},
{"_id":"901","postCode":"6416","name":"Obsteig"},
{"_id":"902","postCode":"4151","name":"Oepping"},
{"_id":"903","postCode":"6433","name":"Oetz"},
{"_id":"904","postCode":"4625","name":"Offenhausen"},
{"_id":"905","postCode":"4064","name":"Oftering"},
{"_id":"906","postCode":"4694","name":"Ohlsdorf"},
{"_id":"907","postCode":"7534","name":"Olbendorf"},
{"_id":"908","postCode":"7533","name":"Ollersdorf im Burgenland"},
{"_id":"909","postCode":"3342","name":"Opponitz"},
{"_id":"910","postCode":"4974","name":"Ort im Innkreis"},
{"_id":"911","postCode":"2304","name":"Orth an der Donau"},
{"_id":"912","postCode":"7064","name":"Oslip"},
{"_id":"913","postCode":"9570","name":"Ossiach"},
{"_id":"914","postCode":"8312","name":"Ottendorf an der Rittschein"},
{"_id":"915","postCode":"3631","name":"Ottenschlag"},
{"_id":"916","postCode":"4100","name":"Ottensheim"},
{"_id":"917","postCode":"2163","name":"Ottenthal"},
{"_id":"918","postCode":"2880","name":"Otterthal"},
{"_id":"919","postCode":"4901","name":"Ottnang am Hausruck"},
{"_id":"920","postCode":"4363","name":"Pabneukirchen"},
{"_id":"921","postCode":"8341","name":"Paldau"},
{"_id":"922","postCode":"5163","name":"Palting"},
{"_id":"923","postCode":"2422","name":"Pama"},
{"_id":"924","postCode":"7152","name":"Pamhagen"},
{"_id":"925","postCode":"2232","name":"Parbasdorf"},
{"_id":"926","postCode":"7111","name":"Parndorf"},
{"_id":"927","postCode":"4061","name":"Pasching"},
{"_id":"928","postCode":"8162","name":"Passail"},
{"_id":"929","postCode":"9711","name":"Paternion"},
{"_id":"930","postCode":"6082","name":"Patsch"},
{"_id":"931","postCode":"4910","name":"Pattigham"},
{"_id":"932","postCode":"3508","name":"Paudorf"},
{"_id":"933","postCode":"2650","name":"Payerbach"},
{"_id":"934","postCode":"8120","name":"Peggau"},
{"_id":"935","postCode":"4624","name":"Pennewang"},
{"_id":"936","postCode":"2380","name":"Perchtoldsdorf"},
{"_id":"937","postCode":"4320","name":"Perg"},
{"_id":"938","postCode":"3753","name":"Pernegg an der Mur"},
{"_id":"939","postCode":"8132","name":"Pernegg an der Mur"},
{"_id":"940","postCode":"2052","name":"Pernersdorf"},
{"_id":"941","postCode":"2763","name":"Pernitz"},
{"_id":"942","postCode":"3142","name":"Perschling"},
{"_id":"943","postCode":"5166","name":"Perwang am Grabensee"},
{"_id":"944","postCode":"4743","name":"Peterskirchen"},
{"_id":"945","postCode":"2404","name":"Petronell-Carnuntum"},
{"_id":"946","postCode":"4643","name":"Pettenbach"},
{"_id":"947","postCode":"6408","name":"Pettnau"},
{"_id":"948","postCode":"6574","name":"Pettneu am Arlberg"},
{"_id":"949","postCode":"3252","name":"Petzenkirchen"},
{"_id":"950","postCode":"4722","name":"Peuerbach"},
{"_id":"951","postCode":"6405","name":"Pfaffenhofen"},
{"_id":"952","postCode":"4870","name":"Pfaffing"},
{"_id":"953","postCode":"4540","name":"Pfarrkirchen bei Bad Hall"},
{"_id":"954","postCode":"5452","name":"Pfarrwerfen"},
{"_id":"955","postCode":"6600","name":"Pflach"},
{"_id":"956","postCode":"6143","name":"Pfons"},
{"_id":"957","postCode":"6542","name":"Pfunds"},
{"_id":"958","postCode":"6551","name":"Pians"},
{"_id":"959","postCode":"4533","name":"Piberbach"},
{"_id":"960","postCode":"4632","name":"Pichl bei Wels"},
{"_id":"961","postCode":"4282","name":"Pierbach"},
{"_id":"962","postCode":"5721","name":"Piesendorf"},
{"_id":"963","postCode":"7441","name":"Pilgersdorf"},
{"_id":"964","postCode":"6136","name":"Pill"},
{"_id":"965","postCode":"2211","name":"Pillichsdorf"},
{"_id":"966","postCode":"8243","name":"Pinggau"},
{"_id":"967","postCode":"7423","name":"Pinkafeld"},
{"_id":"968","postCode":"4812","name":"Pinsdorf"},
{"_id":"969","postCode":"8081","name":"Pirching am Traubenberg"},
{"_id":"970","postCode":"7373","name":"Piringsdorf"},
{"_id":"971","postCode":"5233","name":"Pischelsdorf am Engelbach"},
{"_id":"972","postCode":"2823","name":"Pitten"},
{"_id":"973","postCode":"4690","name":"Pitzenberg"},
{"_id":"974","postCode":"5325","name":"Plainfeld"},
{"_id":"975","postCode":"7141","name":"Podersdorf am See"},
{"_id":"976","postCode":"9130","name":"Poggersdorf"},
{"_id":"977","postCode":"4710","name":"Pollham"},
{"_id":"978","postCode":"4951","name":"Polling im Innkreis"},
{"_id":"979","postCode":"6404","name":"Polling in Tirol"},
{"_id":"980","postCode":"2486","name":"Pottendorf"},
{"_id":"981","postCode":"2563","name":"Pottenstein"},
{"_id":"982","postCode":"2473","name":"Potzneusiedl"},
{"_id":"983","postCode":"2170","name":"Poysdorf"},
{"_id":"984","postCode":"4742","name":"Pram"},
{"_id":"985","postCode":"4731","name":"Prambachkirchen"},
{"_id":"986","postCode":"4925","name":"Pramet"},
{"_id":"987","postCode":"8504","name":"Preding"},
{"_id":"988","postCode":"4230","name":"Pregarten"},
{"_id":"989","postCode":"9451","name":"Preitenegg"},
{"_id":"990","postCode":"2472","name":"Prellenkirchen"},
{"_id":"991","postCode":"3021","name":"Pressbaum"},
{"_id":"992","postCode":"2640","name":"Prigglitz"},
{"_id":"993","postCode":"3385","name":"Prinzersdorf"},
{"_id":"994","postCode":"8712","name":"Proleb"},
{"_id":"995","postCode":"2242","name":"Prottes"},
{"_id":"996","postCode":"6522","name":"Prutz"},
{"_id":"997","postCode":"5412","name":"Puch bei Hallein"},
{"_id":"998","postCode":"8182","name":"Puch bei Weiz"},
{"_id":"999","postCode":"2734","name":"Puchberg am Schneeberg"},
{"_id":"1000","postCode":"4048","name":"Puchenau"},
{"_id":"1001","postCode":"3214","name":"Puchenstuben"},
{"_id":"1002","postCode":"4055","name":"Pucking"},
{"_id":"1003","postCode":"3741","name":"Pulkau"},
{"_id":"1004","postCode":"4070","name":"Pupping"},
{"_id":"1005","postCode":"3002","name":"Purkersdorf"},
{"_id":"1006","postCode":"8764","name":"Pusterwald"},
{"_id":"1007","postCode":"4134","name":"Putzleinsdorf"},
{"_id":"1008","postCode":"3143","name":"Pyhra"},
{"_id":"1009","postCode":"4760","name":"Gyr"},
{"_id":"1010","postCode":"3820","name":"Raabs an der Thaya"},
{"_id":"1011","postCode":"2640","name":"Raach am Hochgebirge"},
{"_id":"1012","postCode":"2281","name":"Raasdorf"},
{"_id":"1013","postCode":"2274","name":"Rabensburg"},
{"_id":"1014","postCode":"3203","name":"Rabenstein an der Pielach"},
{"_id":"1015","postCode":"9545","name":"Radenthein"},
{"_id":"1016","postCode":"6241","name":"Radfeld"},
{"_id":"1017","postCode":"5550","name":"Radstadt"},
{"_id":"1018","postCode":"6741","name":"Raggal"},
{"_id":"1019","postCode":"8413","name":"Ragnitz"},
{"_id":"1020","postCode":"7321","name":"Raiding"},
{"_id":"1021","postCode":"4791","name":"Rainbach im Innkreis"},
{"_id":"1022","postCode":"5591","name":"Ramingstein"},
{"_id":"1023","postCode":"3172","name":"Ramsau"},
{"_id":"1024","postCode":"8972","name":"Ramsau am Dachstein"},
{"_id":"1025","postCode":"6284","name":"Ramsau im Zillertal"},
{"_id":"1026","postCode":"3263","name":"Randegg"},
{"_id":"1027","postCode":"9833","name":"Rangersdorf"},
{"_id":"1028","postCode":"6179","name":"Ranggen"},
{"_id":"1029","postCode":"6830","name":"Rankweil"},
{"_id":"1030","postCode":"8853","name":"Ranten"},
{"_id":"1031","postCode":"3911","name":"Rappottenstein"},
{"_id":"1032","postCode":"3532","name":"Rastenfeld"},
{"_id":"1033","postCode":"8673","name":"Ratten"},
{"_id":"1034","postCode":"6240","name":"Rattenberg"},
{"_id":"1035","postCode":"2320","name":"Rauchenwarth"},
{"_id":"1036","postCode":"5661","name":"Rauris"},
{"_id":"1037","postCode":"3720","name":"Ravelsbach"},
{"_id":"1038","postCode":"3654","name":"Raxendorf"},
{"_id":"1039","postCode":"4324","name":"Rechberg"},
{"_id":"1040","postCode":"7471","name":"Rechnitz"},
{"_id":"1041","postCode":"4873","name":"Redleiten"},
{"_id":"1042","postCode":"4846","name":"Redlham"},
{"_id":"1043","postCode":"4844","name":"Regau"},
{"_id":"1044","postCode":"2651","name":"Reichenau an der Rax"},
{"_id":"1045","postCode":"9463","name":"Reichenfels"},
{"_id":"1046","postCode":"4193","name":"Reichenthal"},
{"_id":"1047","postCode":"4981","name":"Reichersberg"},
{"_id":"1048","postCode":"4462","name":"Reichraming"},
{"_id":"1049","postCode":"3863","name":"Reingers"},
{"_id":"1050","postCode":"3264","name":"Reinsberg"},
{"_id":"1051","postCode":"2440","name":"Reisenberg"},
{"_id":"1052","postCode":"6103","name":"Reith bei Seefeld"},
{"_id":"1053","postCode":"6235","name":"Reith im Alpbachtal"},
{"_id":"1054","postCode":"9863","name":"Rennweg am Katschberg"},
{"_id":"1055","postCode":"8674","name":"Rettenegg"},
{"_id":"1056","postCode":"2070","name":"Retz"},
{"_id":"1057","postCode":"6870","name":"Reuthe"},
{"_id":"1058","postCode":"6600","name":"Reutte"},
{"_id":"1059","postCode":"4910","name":"Ried im Innkreis"},
{"_id":"1060","postCode":"6531","name":"Ried im Oberinntal"},
{"_id":"1061","postCode":"4551","name":"Ried im Traunkreis"},
{"_id":"1062","postCode":"6273","name":"Ried im Zillertal"},
{"_id":"1063","postCode":"4312","name":"Ried in der Riedmark"},
{"_id":"1064","postCode":"4752","name":"Riedau"},
{"_id":"1065","postCode":"7422","name":"Riedlingsdorf"},
{"_id":"1066","postCode":"6943","name":"Riefensberg"},
{"_id":"1067","postCode":"8333","name":"Riegersburg"},
{"_id":"1068","postCode":"6421","name":"Rietz"},
{"_id":"1069","postCode":"6074","name":"Rinn"},
{"_id":"1070","postCode":"7323","name":"Ritzing"},
{"_id":"1071","postCode":"7551","name":"Rohr im Burgenland"},
{"_id":"1072","postCode":"2663","name":"Rohr im Gebirge"},
{"_id":"1073","postCode":"4532","name":"Rohr im Kremstal"},
{"_id":"1074","postCode":"2471","name":"Rohrau"},
{"_id":"1075","postCode":"8234","name":"Rohrbach an der Lafnitz"},
{"_id":"1076","postCode":"7222","name":"Rohrbach bei Mattersburg"},
{"_id":"1077","postCode":"4150","name":"Rohrbach-Berg"},
{"_id":"1078","postCode":"6280","name":"Rohrberg"},
{"_id":"1079","postCode":"3495","name":"Rohrendorf bei Krems"},
{"_id":"1080","postCode":"6426","name":"Roppen"},
{"_id":"1081","postCode":"9232","name":"Rosegg"},
{"_id":"1082","postCode":"8582","name":"Rosental an der Kainach"},
{"_id":"1083","postCode":"7501","name":"Rotenturm an der Pinka"},
{"_id":"1084","postCode":"4681","name":"Rottenbach"},
{"_id":"1085","postCode":"8786","name":"Rottenmann"},
{"_id":"1086","postCode":"9113","name":"Ruden"},
{"_id":"1087","postCode":"7571","name":"Rudersdorf"},
{"_id":"1088","postCode":"6063","name":"Rum"},
{"_id":"1089","postCode":"3244","name":"Ruprechtshofen"},
{"_id":"1090","postCode":"7071","name":"Rust"},
{"_id":"1091","postCode":"4690","name":"Rutzenham"},
{"_id":"1092","postCode":"5760","name":"Saalfelden am Steinernen Meer"},
{"_id":"1093","postCode":"9751","name":"Sachsenburg"},
{"_id":"1094","postCode":"3525","name":"Sallingberg"},
{"_id":"1095","postCode":"5020","name":"Salzburg"},
{"_id":"1096","postCode":"4251","name":"Sandl"},
{"_id":"1097","postCode":"4725","name":"St. Aegidi"},
{"_id":"1098","postCode":"3193","name":"St. Aegyd am Neuwalde"},
{"_id":"1099","postCode":"4084","name":"St. Agatha"},
{"_id":"1100","postCode":"8354","name":"Sankt Anna am Aigen"},
{"_id":"1101","postCode":"6771","name":"Sankt Anton im Montafon"},
{"_id":"1102","postCode":"2880","name":"St. Corona am Wechsel"},
{"_id":"1103","postCode":"2731","name":"St. Egyden am Steinfeld"},
{"_id":"1104","postCode":"4490","name":"St. Florian"},
{"_id":"1105","postCode":"4782","name":"Sankt Florian am Inn"},
{"_id":"1106","postCode":"6791","name":"Sankt Gallenkirch"},
{"_id":"1107","postCode":"3304","name":"St. Georgen am Ybbsfelde"},
{"_id":"1108","postCode":"8413","name":"Sankt Georgen an der Stiefing"},
{"_id":"1109","postCode":"4710","name":"St. Georgen bei Grieskirchen"},
{"_id":"1110","postCode":"4880","name":"Sankt Georgen im Attergau"},
{"_id":"1111","postCode":"8756","name":"Sankt Georgen ob Judenburg"},
{"_id":"1112","postCode":"5340","name":"St. Gilgen"},
{"_id":"1113","postCode":"9184","name":"Sankt Jakob"},
{"_id":"1114","postCode":"8255","name":"Sankt Jakob im Walde"},
{"_id":"1115","postCode":"6392","name":"St. Jakob in Haus"},
{"_id":"1116","postCode":"8453","name":"Sankt Johann im Saggautal"},
{"_id":"1117","postCode":"6380","name":"St. Johann in Tirol"},
{"_id":"1118","postCode":"8295","name":"Sankt Johann in der Haide"},
{"_id":"1119","postCode":"8503","name":"Sankt Josef (Weststeiermark)"},
{"_id":"1120","postCode":"8171","name":"Sankt Kathrein am Offenegg"},
{"_id":"1121","postCode":"5423","name":"Sankt Koloman"},
{"_id":"1122","postCode":"8813","name":"Sankt Lambrecht"},
{"_id":"1123","postCode":"3243","name":"St. Leonhard am Forst"},
{"_id":"1124","postCode":"3572","name":"St. Leonhard am Hornerwald"},
{"_id":"1125","postCode":"8242","name":"Sankt Lorenzen am Wechsel"},
{"_id":"1126","postCode":"8323","name":"Sankt Marein bei Graz"},
{"_id":"1127","postCode":"3231","name":"St. Margarethen an der Sierning"},
{"_id":"1128","postCode":"8720","name":"Sankt Margarethen bei Knittelfeld"},
{"_id":"1129","postCode":"7062","name":"Sankt Margarethen im Burgenland"},
{"_id":"1130","postCode":"5581","name":"Sankt Margarethen im Lungau"},
{"_id":"1131","postCode":"4502","name":"St. Marien"},
{"_id":"1132","postCode":"5522","name":"Sankt Martin am Tennengebirge"},
{"_id":"1133","postCode":"8383","name":"Sankt Martin an der Raab"},
{"_id":"1134","postCode":"5092","name":"Sankt Martin bei Lofer"},
{"_id":"1135","postCode":"8543","name":"Sankt Martin im Sulmtal"},
{"_id":"1136","postCode":"7535","name":"Sankt Michael im Burgenland"},
{"_id":"1137","postCode":"5582","name":"Sankt Michael im Lungau"},
{"_id":"1138","postCode":"8770","name":"Sankt Michael in Obersteiermark"},
{"_id":"1139","postCode":"4381","name":"St. Nikola an der Donau"},
{"_id":"1140","postCode":"8505","name":"Sankt Nikolai im Sausal"},
{"_id":"1141","postCode":"8113","name":"Sankt Oswald bei Plankenwarth"},
{"_id":"1142","postCode":"5120","name":"St. Pantaleon"},
{"_id":"1143","postCode":"9470","name":"St. Paul im Lavanttal"},
{"_id":"1144","postCode":"8843","name":"Sankt Peter am Kammersberg"},
{"_id":"1145","postCode":"8093","name":"Sankt Peter am Ottersbach"},
{"_id":"1146","postCode":"8542","name":"Sankt Peter im Sulmtal"},
{"_id":"1147","postCode":"8755","name":"Sankt Peter ob Judenburg"},
{"_id":"1148","postCode":"8792","name":"Sankt Peter-Freienstein"},
{"_id":"1149","postCode":"8061","name":"Sankt Radegund bei Graz"},
{"_id":"1150","postCode":"8181","name":"Sankt Ruprecht an der Raab"},
{"_id":"1151","postCode":"8083","name":"Sankt Stefan im Rosental"},
{"_id":"1152","postCode":"8713","name":"Sankt Stefan ob Leoben"},
{"_id":"1153","postCode":"8511","name":"Sankt Stefan ob Stainz"},
{"_id":"1154","postCode":"6393","name":"St. Ulrich am Pillersee"},
{"_id":"1155","postCode":"4300","name":"Sankt Valentin"},
{"_id":"1156","postCode":"9300","name":"Sankt Veit an der Glan"},
{"_id":"1157","postCode":"5621","name":"Sankt Veit im Pongau"},
{"_id":"1158","postCode":"9962","name":"St. Veit in Defereggen"},
{"_id":"1159","postCode":"4762","name":"St. Willibald"},
{"_id":"1160","postCode":"5360","name":"Sankt Wolfgang im Salzkammergut"},
{"_id":"1161","postCode":"4152","name":"Sarleinsbach"},
{"_id":"1162","postCode":"6822","name":"Satteins"},
{"_id":"1163","postCode":"4642","name":"Sattledt"},
{"_id":"1164","postCode":"6432","name":"Sautens"},
{"_id":"1165","postCode":"4351","name":"Saxen"},
{"_id":"1166","postCode":"7472","name":"Schachendorf"},
{"_id":"1167","postCode":"5231","name":"Schalchen"},
{"_id":"1168","postCode":"7472","name":"Schandorf"},
{"_id":"1169","postCode":"4784","name":"Schardenberg"},
{"_id":"1170","postCode":"2403","name":"Scharndorf"},
{"_id":"1171","postCode":"6108","name":"Scharnitz"},
{"_id":"1172","postCode":"4644","name":"Scharnstein"},
{"_id":"1173","postCode":"4612","name":"Scharten"},
{"_id":"1174","postCode":"7022","name":"Schattendorf"},
{"_id":"1175","postCode":"6677","name":"Schattwald"},
{"_id":"1176","postCode":"5440","name":"Scheffau am Tennengebirge"},
{"_id":"1177","postCode":"6351","name":"Scheffau am Wilden Kaiser"},
{"_id":"1178","postCode":"3270","name":"Scheibbs"},
{"_id":"1179","postCode":"8811","name":"Scheifling"},
{"_id":"1180","postCode":"4192","name":"Schenkenfelden"},
{"_id":"1181","postCode":"4521","name":"Schiedlberg"},
{"_id":"1182","postCode":"4920","name":"Schildorn"},
{"_id":"1183","postCode":"8970","name":"Schladming"},
{"_id":"1184","postCode":"9954","name":"Schlaiten"},
{"_id":"1185","postCode":"4690","name":"Schlatt"},
{"_id":"1186","postCode":"5205","name":"Schleedorf"},
{"_id":"1187","postCode":"4553","name":"Schlierbach"},
{"_id":"1188","postCode":"6824","name":"Schlins"},
{"_id":"1189","postCode":"6262","name":"Schlitters"},
{"_id":"1190","postCode":"6154","name":"Schmirn"},
{"_id":"1191","postCode":"6882","name":"Schnepfau"},
{"_id":"1192","postCode":"6822","name":"Schnifis"},
{"_id":"1193","postCode":"6886","name":"Schoppernau"},
{"_id":"1194","postCode":"2641","name":"Schottwien"},
{"_id":"1195","postCode":"2733","name":"Schrattenbach"},
{"_id":"1196","postCode":"2172","name":"Schrattenberg"},
{"_id":"1197","postCode":"2073","name":"Schrattenthal"},
{"_id":"1198","postCode":"3943","name":"Schrems"},
{"_id":"1199","postCode":"6780","name":"Schruns"},
{"_id":"1200","postCode":"2432","name":"Schwadorf"},
{"_id":"1201","postCode":"8541","name":"Schwanberg"},
{"_id":"1202","postCode":"5134","name":"Schwand im Innkreis"},
{"_id":"1203","postCode":"4690","name":"Schwanenstadt"},
{"_id":"1204","postCode":"6858","name":"Schwarzach"},
{"_id":"1205","postCode":"5620","name":"Schwarzach im Pongau"},
{"_id":"1206","postCode":"2625","name":"Schwarzau am Steinfeld"},
{"_id":"1207","postCode":"2662","name":"Schwarzau im Gebirge"},
{"_id":"1208","postCode":"3900","name":"Schwarzenau"},
{"_id":"1209","postCode":"2803","name":"Schwarzenbach"},
{"_id":"1210","postCode":"3212","name":"Schwarzenbach an der Pielach"},
{"_id":"1211","postCode":"6867","name":"Schwarzenberg"},
{"_id":"1212","postCode":"6130","name":"Schwaz"},
{"_id":"1213","postCode":"2320","name":"Schwechat"},
{"_id":"1214","postCode":"3931","name":"Schweiggers"},
{"_id":"1215","postCode":"6283","name":"Schwendau"},
{"_id":"1216","postCode":"6385","name":"Schwendt"},
{"_id":"1217","postCode":"4311","name":"Schwertberg"},
{"_id":"1218","postCode":"6334","name":"Schwoich"},
{"_id":"1219","postCode":"8732","name":"Seckau"},
{"_id":"1220","postCode":"6553","name":"See"},
{"_id":"1221","postCode":"2824","name":"Seebenstein"},
{"_id":"1222","postCode":"6100","name":"Seefeld in Tirol"},
{"_id":"1223","postCode":"5164","name":"Seeham"},
{"_id":"1224","postCode":"5201","name":"Seekirchen am Wallersee"},
{"_id":"1225","postCode":"4863","name":"Seewalchen am Attersee"},
{"_id":"1226","postCode":"2443","name":"Seibersdorf"},
{"_id":"1227","postCode":"6181","name":"Sellrain"},
{"_id":"1228","postCode":"8900","name":"Selzthal"},
{"_id":"1229","postCode":"2680","name":"Semmering"},
{"_id":"1230","postCode":"8102","name":"Semriach"},
{"_id":"1231","postCode":"4973","name":"Senftenbach"},
{"_id":"1232","postCode":"3541","name":"Senftenberg"},
{"_id":"1233","postCode":"6534","name":"Serfaus"},
{"_id":"1234","postCode":"6952","name":"Serfaus"},
{"_id":"1235","postCode":"7011","name":"Siegendorf"},
{"_id":"1236","postCode":"7223","name":"Siegendorf"},
{"_id":"1237","postCode":"3443","name":"Sieghartskirchen"},
{"_id":"1238","postCode":"2011","name":"Sierndorf"},
{"_id":"1239","postCode":"4522","name":"Sierning"},
{"_id":"1240","postCode":"4771","name":"Sigharting"},
{"_id":"1241","postCode":"3751","name":"Sigmundsherberg"},
{"_id":"1242","postCode":"6782","name":"Silbertal"},
{"_id":"1243","postCode":"9920","name":"Sillian"},
{"_id":"1244","postCode":"6424","name":"Silz"},
{"_id":"1245","postCode":"8261","name":"Sinabelkirchen"},
{"_id":"1246","postCode":"4621","name":"Sipbachzell"},
{"_id":"1247","postCode":"6073","name":"Sistrans"},
{"_id":"1248","postCode":"9133","name":"Sittersdorf"},
{"_id":"1249","postCode":"3714","name":"Sitzendorf an der Schmida"},
{"_id":"1250","postCode":"2601","name":"Sollenau"},
{"_id":"1251","postCode":"2453","name":"Sommerein"},
{"_id":"1252","postCode":"6731","name":"Sonntag"},
{"_id":"1253","postCode":"3332","name":"Sonntagberg"},
{"_id":"1254","postCode":"2244","name":"Spannberg"},
{"_id":"1255","postCode":"8724","name":"Spielberg"},
{"_id":"1256","postCode":"2104","name":"Spillern"},
{"_id":"1257","postCode":"4582","name":"Spital am Pyhrn"},
{"_id":"1258","postCode":"8684","name":"Spital am Semmering"},
{"_id":"1259","postCode":"9800","name":"Spittal an der Drau"},
{"_id":"1260","postCode":"3620","name":"Spitz"},
{"_id":"1261","postCode":"2134","name":"Staatz"},
{"_id":"1262","postCode":"4651","name":"Stadl-Paura"},
{"_id":"1263","postCode":"7461","name":"Stadtschlaining"},
{"_id":"1264","postCode":"8510","name":"Stainz"},
{"_id":"1265","postCode":"9832","name":"Stall"},
{"_id":"1266","postCode":"6700","name":"Stallehr"},
{"_id":"1267","postCode":"8152","name":"Stallhofen"},
{"_id":"1268","postCode":"6422","name":"Stams"},
{"_id":"1269","postCode":"6135","name":"Stans"},
{"_id":"1270","postCode":"6500","name":"Stanz bei Landeck"},
{"_id":"1271","postCode":"6642","name":"Stanzach"},
{"_id":"1272","postCode":"8046","name":"Stattegg"},
{"_id":"1273","postCode":"3125","name":"Statzendorf"},
{"_id":"1274","postCode":"6655","name":"Steeg"},
{"_id":"1275","postCode":"4722","name":"Steegen"},
{"_id":"1276","postCode":"7551","name":"Stegersbach"},
{"_id":"1277","postCode":"6150","name":"Steinach am Brenner"},
{"_id":"1278","postCode":"3261","name":"Steinakirchen am Forst"},
{"_id":"1279","postCode":"4853","name":"Steinbach am Attersee"},
{"_id":"1280","postCode":"4562","name":"Steinbach am Ziehberg"},
{"_id":"1281","postCode":"4596","name":"Steinbach an der Steyr"},
{"_id":"1282","postCode":"6215","name":"Steinberg am Rofan"},
{"_id":"1283","postCode":"7035","name":"Steinbrunn"},
{"_id":"1284","postCode":"9551","name":"Steindorf am Ossiacher See"},
{"_id":"1285","postCode":"4652","name":"Steinerkirchen an der Traun"},
{"_id":"1286","postCode":"9754","name":"Steinfeld"},
{"_id":"1287","postCode":"4641","name":"Steinhaus"},
{"_id":"1288","postCode":"3463","name":"Stetteldorf am Wagram"},
{"_id":"1289","postCode":"2100","name":"Stetten"},
{"_id":"1290","postCode":"9560","name":"Steuerberg"},
{"_id":"1291","postCode":"4400","name":"Steyr"},
{"_id":"1292","postCode":"4221","name":"Steyregg"},
{"_id":"1293","postCode":"7552","name":"Stinatz"},
{"_id":"1294","postCode":"8113","name":"Stiwoll"},
{"_id":"1295","postCode":"9713","name":"Stockenboi"},
{"_id":"1296","postCode":"2000","name":"Stockerau"},
{"_id":"1297","postCode":"7344","name":"Stoob"},
{"_id":"1298","postCode":"2443","name":"Stotzing"},
{"_id":"1299","postCode":"8345","name":"Straden"},
{"_id":"1300","postCode":"8192","name":"Strallegg"},
{"_id":"1301","postCode":"6261","name":"Strass im Zillertal"},
{"_id":"1302","postCode":"9918","name":"Strassen"},
{"_id":"1303","postCode":"2231","name":"Strasshof an der Nordbahn"},
{"_id":"1304","postCode":"3552","name":"Stratzing"},
{"_id":"1305","postCode":"7522","name":"Strem"},
{"_id":"1306","postCode":"3314","name":"Strengberg"},
{"_id":"1307","postCode":"6571","name":"Strengen"},
{"_id":"1308","postCode":"5350","name":"Strobl"},
{"_id":"1309","postCode":"4074","name":"Stroheim"},
{"_id":"1310","postCode":"2153","name":"Stronsdorf"},
{"_id":"1311","postCode":"8223","name":"Stubenberg"},
{"_id":"1312","postCode":"5724","name":"Stuhlfelden"},
{"_id":"1313","postCode":"6275","name":"Stumm"},
{"_id":"1314","postCode":"6275","name":"Stummerberg"},
{"_id":"1315","postCode":"4975","name":"Suben"},
{"_id":"1316","postCode":"6934","name":"Sulzberg"},
{"_id":"1317","postCode":"7162","name":"Tadten"},
{"_id":"1318","postCode":"4753","name":"Taiskirchen im Innkreis"},
{"_id":"1319","postCode":"5580","name":"Tamsweg"},
{"_id":"1320","postCode":"6675","name":"Tannheim"},
{"_id":"1321","postCode":"6464","name":"Tarrenz"},
{"_id":"1322","postCode":"2523","name":"Tattendorf"},
{"_id":"1323","postCode":"4775","name":"Taufkirchen an der Pram"},
{"_id":"1324","postCode":"4715","name":"Taufkirchen an der Trattnach"},
{"_id":"1325","postCode":"5660","name":"Taxenbach"},
{"_id":"1326","postCode":"2524","name":"Teesdorf"},
{"_id":"1327","postCode":"6165","name":"Telfes im Stubai"},
{"_id":"1328","postCode":"6410","name":"Telfs"},
{"_id":"1329","postCode":"6123","name":"Terfens"},
{"_id":"1330","postCode":"4452","name":"Ternberg"},
{"_id":"1331","postCode":"2630","name":"Ternitz"},
{"_id":"1332","postCode":"8051","name":"Thal"},
{"_id":"1333","postCode":"5303","name":"Thalgau"},
{"_id":"1334","postCode":"4600","name":"Thalheim bei Wels"},
{"_id":"1335","postCode":"6065","name":"Thaur"},
{"_id":"1336","postCode":"3842","name":"Thaya"},
{"_id":"1337","postCode":"2604","name":"Theresienfeld"},
{"_id":"1338","postCode":"2842","name":"Thomasberg"},
{"_id":"1339","postCode":"5592","name":"Thomatal"},
{"_id":"1340","postCode":"9904","name":"Thurn"},
{"_id":"1341","postCode":"5310","name":"Tiefgraben"},
{"_id":"1342","postCode":"8355","name":"Tieschen"},
{"_id":"1343","postCode":"4850","name":"Timelkam"},
{"_id":"1344","postCode":"6552","name":"Tobadill"},
{"_id":"1345","postCode":"7544","name":"Tobaj"},
{"_id":"1346","postCode":"4710","name":"Tollet"},
{"_id":"1347","postCode":"8772","name":"Traboch"},
{"_id":"1348","postCode":"4284","name":"Tragwein"},
{"_id":"1349","postCode":"3160","name":"Traisen"},
{"_id":"1350","postCode":"2514","name":"Traiskirchen"},
{"_id":"1351","postCode":"3133","name":"Traismauer"},
{"_id":"1352","postCode":"2881","name":"Trattenbach"},
{"_id":"1353","postCode":"4050","name":"Traun"},
{"_id":"1354","postCode":"4801","name":"Traunkirchen"},
{"_id":"1355","postCode":"7061","name":"Trausdorf an der Wulka"},
{"_id":"1356","postCode":"2454","name":"Trautmannsdorf an der Leitha"},
{"_id":"1357","postCode":"9852","name":"Trebesing"},
{"_id":"1358","postCode":"9521","name":"Treffen am Ossiacher See"},
{"_id":"1359","postCode":"5272","name":"Treubach"},
{"_id":"1360","postCode":"8784","name":"Trieben"},
{"_id":"1361","postCode":"6152","name":"Trins"},
{"_id":"1362","postCode":"9907","name":"Tristach"},
{"_id":"1363","postCode":"8793","name":"Trofaiach"},
{"_id":"1364","postCode":"2521","name":"Trumau"},
{"_id":"1365","postCode":"6774","name":"Tschagguns"},
{"_id":"1366","postCode":"7540","name":"Tschanigraben"},
{"_id":"1367","postCode":"3434","name":"Tulbing"},
{"_id":"1368","postCode":"6075","name":"Tulfes"},
{"_id":"1369","postCode":"3013","name":"Tullnerbach"},
{"_id":"1370","postCode":"4911","name":"Tumeltsham"},
{"_id":"1371","postCode":"5563","name":"Tweng"},
{"_id":"1372","postCode":"6271","name":"Uderns"},
{"_id":"1373","postCode":"4161","name":"Ulrichsberg"},
{"_id":"1374","postCode":"6441","name":"Umhausen"},
{"_id":"1375","postCode":"4841","name":"Ungenach"},
{"_id":"1376","postCode":"5091","name":"Unken"},
{"_id":"1377","postCode":"7321","name":"Unterfrauenhaid"},
{"_id":"1378","postCode":"8352","name":"Unterlamm"},
{"_id":"1379","postCode":"5585","name":"Unternberg"},
{"_id":"1380","postCode":"6178","name":"Unterperfuss"},
{"_id":"1381","postCode":"2284","name":"Untersiebenbrunn"},
{"_id":"1382","postCode":"2154","name":"Unterstinkenbrunn"},
{"_id":"1383","postCode":"5561","name":"Untertauern"},
{"_id":"1384","postCode":"9943","name":"Untertilliach"},
{"_id":"1385","postCode":"7501","name":"Unterwart"},
{"_id":"1386","postCode":"4210","name":"Unterweitersdorf"},
{"_id":"1387","postCode":"5723","name":"Uttendorf"},
{"_id":"1388","postCode":"4972","name":"Utzenaich"},
{"_id":"1389","postCode":"6773","name":"Vandans"},
{"_id":"1390","postCode":"8076","name":"Vasoldsberg"},
{"_id":"1391","postCode":"4091","name":"Vichtenstein"},
{"_id":"1392","postCode":"3322","name":"Viehdorf"},
{"_id":"1393","postCode":"5752","name":"Viehhofen"},
{"_id":"1394","postCode":"6836","name":"Viktorsberg"},
{"_id":"1395","postCode":"9500","name":"Villach"},
{"_id":"1396","postCode":"6682","name":"Vils"},
{"_id":"1397","postCode":"9972","name":"Virgen"},
{"_id":"1398","postCode":"3902","name":"Vitis"},
{"_id":"1399","postCode":"8570","name":"Voitsberg"},
{"_id":"1400","postCode":"6111","name":"Volders"},
{"_id":"1401","postCode":"6134","name":"Vomp"},
{"_id":"1402","postCode":"8250","name":"Vorau"},
{"_id":"1403","postCode":"4655","name":"Vorchdorf"},
{"_id":"1404","postCode":"6645","name":"Vorderhornbach"},
{"_id":"1405","postCode":"8794","name":"Vordernberg"},
{"_id":"1406","postCode":"4574","name":"Vorderstoder"},
{"_id":"1407","postCode":"8435","name":"Wagna"},
{"_id":"1408","postCode":"5602","name":"Wagrain"},
{"_id":"1409","postCode":"3830","name":"Waidhofen an der Thaya"},
{"_id":"1410","postCode":"3340","name":"Waidhofen an der Ybbs"},
{"_id":"1411","postCode":"2763","name":"Waidmannsfeld"},
{"_id":"1412","postCode":"6384","name":"Waidring"},
{"_id":"1413","postCode":"4730","name":"Waizenkirchen"},
{"_id":"1414","postCode":"6344","name":"Walchsee"},
{"_id":"1415","postCode":"5742","name":"Wald im Pinzgau"},
{"_id":"1416","postCode":"4240","name":"Waldburg"},
{"_id":"1417","postCode":"2754","name":"Waldegg"},
{"_id":"1418","postCode":"3961","name":"Waldenstein"},
{"_id":"1419","postCode":"3914","name":"Waldhausen"},
{"_id":"1420","postCode":"4391","name":"Waldhausen im Strudengau"},
{"_id":"1421","postCode":"4111","name":"Walding"},
{"_id":"1422","postCode":"4085","name":"Waldkirchen am Wesen"},
{"_id":"1423","postCode":"3844","name":"Waldkirchen an der Thaya"},
{"_id":"1424","postCode":"4595","name":"Waldneukirchen"},
{"_id":"1425","postCode":"4924","name":"Waldzell"},
{"_id":"1426","postCode":"4702","name":"Wallern an der Trattnach"},
{"_id":"1427","postCode":"7151","name":"Wallern im Burgenland"},
{"_id":"1428","postCode":"2822","name":"Walpersbach"},
{"_id":"1429","postCode":"3262","name":"Wang"},
{"_id":"1430","postCode":"4552","name":"Wartberg an der Krems"},
{"_id":"1431","postCode":"4224","name":"Wartberg ob der Aist"},
{"_id":"1432","postCode":"2831","name":"Warth"},
{"_id":"1433","postCode":"6767","name":"Warth"},
{"_id":"1434","postCode":"2620","name":"Wartmannstetten"},
{"_id":"1435","postCode":"6113","name":"Wattenberg"},
{"_id":"1436","postCode":"6112","name":"Wattens"},
{"_id":"1437","postCode":"6116","name":"Weer"},
{"_id":"1438","postCode":"6133","name":"Weerberg"},
{"_id":"1439","postCode":"4675","name":"Weibern"},
{"_id":"1440","postCode":"8382","name":"Weichselbaum"},
{"_id":"1441","postCode":"7121","name":"Weiden am See"},
{"_id":"1442","postCode":"7463","name":"Weiden bei Rechnitz"},
{"_id":"1443","postCode":"2253","name":"Weikendorf"},
{"_id":"1444","postCode":"2722","name":"Weikersdorf am Steinfelde"},
{"_id":"1445","postCode":"4984","name":"Weilbach"},
{"_id":"1446","postCode":"6833","name":"Weiler"},
{"_id":"1447","postCode":"3205","name":"Weinburg"},
{"_id":"1448","postCode":"7374","name":"Weingraben"},
{"_id":"1449","postCode":"8044","name":"Weinitzen"},
{"_id":"1450","postCode":"3521","name":"Weinzierl am Walde"},
{"_id":"1451","postCode":"2564","name":"Weissenbach an der Triesting"},
{"_id":"1452","postCode":"3351","name":"Weistrach"},
{"_id":"1453","postCode":"3653","name":"Weiten"},
{"_id":"1454","postCode":"9344","name":"Weitensfeld im Gurktal"},
{"_id":"1455","postCode":"2084","name":"Weitersfeld"},
{"_id":"1456","postCode":"4272","name":"Weitersfelden"},
{"_id":"1457","postCode":"3970","name":"Weitra"},
{"_id":"1458","postCode":"8160","name":"Weiz"},
{"_id":"1459","postCode":"4600","name":"Wels"},
{"_id":"1460","postCode":"4741","name":"Wendling"},
{"_id":"1461","postCode":"4952","name":"Weng im Innkreis"},
{"_id":"1462","postCode":"8254","name":"Wenigzell"},
{"_id":"1463","postCode":"6473","name":"Wenns"},
{"_id":"1464","postCode":"7331","name":"Weppersdorf"},
{"_id":"1465","postCode":"5450","name":"Werfen"},
{"_id":"1466","postCode":"5453","name":"Werfenweng"},
{"_id":"1467","postCode":"9241","name":"Wernberg"},
{"_id":"1468","postCode":"8402","name":"Werndorf"},
{"_id":"1469","postCode":"6363","name":"Westendorf"},
{"_id":"1470","postCode":"3335","name":"Weyer"},
{"_id":"1471","postCode":"4852","name":"Weyregg am Attersee"},
{"_id":"1472","postCode":"1010","name":"Vienna"},
{"_id":"1473","postCode":"1020","name":"Vienna"},
{"_id":"1474","postCode":"1030","name":"Vienna"},
{"_id":"1475","postCode":"1040","name":"Vienna"},
{"_id":"1476","postCode":"1050","name":"Vienna"},
{"_id":"1477","postCode":"1060","name":"Vienna"},
{"_id":"1478","postCode":"1070","name":"Vienna"},
{"_id":"1479","postCode":"1080","name":"Vienna"},
{"_id":"1480","postCode":"1090","name":"Vienna"},
{"_id":"1481","postCode":"1100","name":"Vienna"},
{"_id":"1482","postCode":"1110","name":"Vienna"},
{"_id":"1483","postCode":"1120","name":"Vienna"},
{"_id":"1484","postCode":"1130","name":"Vienna"},
{"_id":"1485","postCode":"1140","name":"Vienna"},
{"_id":"1486","postCode":"1150","name":"Vienna"},
{"_id":"1487","postCode":"1160","name":"Vienna"},
{"_id":"1488","postCode":"1170","name":"Vienna"},
{"_id":"1489","postCode":"1180","name":"Vienna"},
{"_id":"1490","postCode":"1190","name":"Vienna"},
{"_id":"1491","postCode":"1200","name":"Vienna"},
{"_id":"1492","postCode":"1210","name":"Vienna"},
{"_id":"1493","postCode":"1220","name":"Vienna"},
{"_id":"1494","postCode":"1230","name":"Vienna"},
{"_id":"1495","postCode":"2351","name":"Wiener Neudorf"},
{"_id":"1496","postCode":"2700","name":"Wiener Neustadt"},
{"_id":"1497","postCode":"8551","name":"Wies"},
{"_id":"1498","postCode":"3250","name":"Wieselburg"},
{"_id":"1499","postCode":"7203","name":"Wiesen"},
{"_id":"1500","postCode":"7423","name":"Wiesfleck"},
{"_id":"1501","postCode":"6210","name":"Wiesing"},
{"_id":"1502","postCode":"2811","name":"Wiesmath"},
{"_id":"1503","postCode":"8924","name":"Wildalpen"},
{"_id":"1504","postCode":"6413","name":"Wildermieming"},
{"_id":"1505","postCode":"8410","name":"Wildon"},
{"_id":"1506","postCode":"2193","name":"Wilfersdorf"},
{"_id":"1507","postCode":"3150","name":"Wilhelmsburg"},
{"_id":"1508","postCode":"4073","name":"Wilhering"},
{"_id":"1509","postCode":"2732","name":"Willendorf"},
{"_id":"1510","postCode":"2485","name":"Wimpassing an der Leitha"},
{"_id":"1511","postCode":"2632","name":"Wimpassing im Schwarzatale"},
{"_id":"1512","postCode":"7092","name":"Winden am See"},
{"_id":"1513","postCode":"4322","name":"Windhaag bei Perg"},
{"_id":"1514","postCode":"3841","name":"Windigsteig"},
{"_id":"1515","postCode":"4580","name":"Windischgarsten"},
{"_id":"1516","postCode":"3300","name":"Winklarn"},
{"_id":"1517","postCode":"9841","name":"Winklern"},
{"_id":"1518","postCode":"4942","name":"Wippenham"},
{"_id":"1519","postCode":"7412","name":"Wolfau"},
{"_id":"1520","postCode":"4493","name":"Wolfern"},
{"_id":"1521","postCode":"3261","name":"Wolfpassing"},
{"_id":"1522","postCode":"3354","name":"Wolfsbach"},
{"_id":"1523","postCode":"9400","name":"Wolfsberg"},
{"_id":"1524","postCode":"4902","name":"Wolfsegg am Hausruck"},
{"_id":"1525","postCode":"3012","name":"Wolfsgraben"},
{"_id":"1526","postCode":"2412","name":"Wolfsthal"},
{"_id":"1527","postCode":"6922","name":"Wolfurt"},
{"_id":"1528","postCode":"2120","name":"Wolkersdorf im Weinviertel"},
{"_id":"1529","postCode":"7041","name":"Wulkaprodersdorf"},
{"_id":"1530","postCode":"2041","name":"Wullersdorf"},
{"_id":"1531","postCode":"8142","name":"Wundschuh"},
{"_id":"1532","postCode":"3370","name":"Ybbs an der Donau"},
{"_id":"1533","postCode":"3341","name":"Ybbsitz"},
{"_id":"1534","postCode":"7012","name":"Zagersdorf"},
{"_id":"1535","postCode":"6511","name":"Zams"},
{"_id":"1536","postCode":"5584","name":"Zederhaus"},
{"_id":"1537","postCode":"3311","name":"Zeillern"},
{"_id":"1538","postCode":"9170","name":"Zell"},
{"_id":"1539","postCode":"4893","name":"Zell am Moos"},
{"_id":"1540","postCode":"4842","name":"Zell am Pettenfirst"},
{"_id":"1541","postCode":"5700","name":"Zell am See"},
{"_id":"1542","postCode":"6280","name":"Zell am Ziller"},
{"_id":"1543","postCode":"4755","name":"Zell an der Pram"},
{"_id":"1544","postCode":"6277","name":"Zellberg"},
{"_id":"1545","postCode":"2051","name":"Zellerndorf"},
{"_id":"1546","postCode":"8740","name":"Zeltweg"},
{"_id":"1547","postCode":"3710","name":"Ziersdorf"},
{"_id":"1548","postCode":"2492","name":"Zillingdorf"},
{"_id":"1549","postCode":"7034","name":"Zillingtal"},
{"_id":"1550","postCode":"6170","name":"Zirl"},
{"_id":"1551","postCode":"2225","name":"Zistersdorf"},
{"_id":"1552","postCode":"2424","name":"Zurndorf"},
{"_id":"1553","postCode":"3435","name":"Zwentendorf an der Donau"},
{"_id":"1554","postCode":"4180","name":"Zwettl an der Rodl"},
{"_id":"1555","postCode":"6835","name":"Zwischenwasser"}
]